company_key,source_row,group_name,company_name,normalized_name,entity_type,region,priority_raw,priority,difficulty,education_barrier,recommended_directions,action_status,source_urls,url_count,url_notes,enabled
9b22c7887fa4,2,中国中检,中国检验认证集团山东有限公司,中国检验认证集团山东有限公司,省公司/总部在青岛；央企区域公司,市南区；山东/青岛相关,P0 必看,P0,A 较难,中卡：本科起，硕士加分,检验检测、认证合规、信息安全、职能；认证、检测、信息化服务、AEO咨询、数字化与信息安全服务；关键词：检验检测、认证合规、信息安全、职能；认证、检测、数字化、信息安全、AEO,优先投递｜投递前核股权｜价值:S,"https://sd.ccic.com/
https://www.yunzhirencai.com/wap/index.php?a=show&c=article&id=8841",2,官网优先；需在投递或启用监控前复核入口有效性,true
bf9a83b01fcb,3,中国中检,中检山东检测有限公司,中检山东检测有限公司,检测公司,胶州市,P1 优先,P1,A 较难,中卡：本科起，硕士加分,食品农产品检测、工业品检测、信息化,重点跟踪｜投递前核股权｜价值:A,https://sd.ccic.com/,1,官网优先；需在投递或启用监控前复核入口有效性,true
7fc3a264c7de,4,中国中检,青岛检验认证有限公司,青岛检验认证有限公司,检测认证公司,市南区,P1 优先,P1,A 较难,中卡：本科起，硕士加分,认证、合规、体系管理、信息化,重点跟踪｜投递前核股权｜价值:A,https://sd.ccic.com/,1,官网优先；需在投递或启用监控前复核入口有效性,true
9139eebac133,5,中国中检,黄岛检验认证有限公司,黄岛检验认证有限公司,检测认证公司,黄岛/自贸片区,P1 优先,P1,B 中等,弱中卡：本科起，专业匹配,检验认证、口岸服务、综合管理,重点跟踪｜投递前核股权｜价值:A,https://sd.ccic.com/,1,官网优先；需在投递或启用监控前复核入口有效性,true
79b220f52ce0,6,中国中检,青岛中检纺织品检验有限公司,青岛中检纺织品检验有限公司,检测公司,李沧区,P2 可投/跟踪,P2,B 中等,弱中卡：本科起，专业匹配,纺织品检测、质量管理、综合管理,可投/跟踪｜投递前核股权｜价值:B,https://sd.ccic.com/,1,官网优先；需在投递或启用监控前复核入口有效性,false
0eb862b553ce,7,中国中检,中国检验认证集团山东检测有限公司,中国检验认证集团山东检测有限公司,检测子公司,山东/青岛待核,P3 低优先,P3,A 较难,中卡：本科起，硕士加分,工业品检测、食品检测、实验室信息化；关键词：检测、实验室、质量管理、信息化,低频查看｜投递前核股权｜价值:B,"https://www.ccicsd.com/
https://sd.ccic.com/",2,官网优先；需在投递或启用监控前复核入口有效性,false
e796312c9c43,8,中国中检,山东中检校准技术有限公司,山东中检校准技术有限公司,计量校准公司,市南区,P3 低优先,P3,B 中等,弱中卡：本科起，专业匹配,计量校准、质量体系、综合管理,低频查看｜投递前核股权｜价值:B,https://sd.ccic.com/,1,官网优先；需在投递或启用监控前复核入口有效性,false
6bd88b5e6203,9,中国中车,中车青岛四方车辆研究所有限公司,中车青岛四方车辆研究所有限公司,中车轨交关键系统研发企业,市北区/青岛,P0 必看,P0,A 较难,强卡：硕士/双一流倾向,轨交核心系统、软件、算法、网络研发、信号系统；关键词：软件研发、算法、网络研发、信号、智能装备,优先投递｜价值:S,"https://www.crrcgc.cc/sfs/142_8690/142_8700/index.html
https://crrc-sfs.hotjob.cn/",2,官网优先；需在投递或启用监控前复核入口有效性,true
81778d3a8cc4,10,中国中车,中车制动系统有限公司/中车四方所制动业务,中车制动系统有限公司中车四方所制动业务,制动系统专业公司/业务线索,青岛待核,P2 可投/跟踪,P2,A 较难,强卡：硕士/双一流倾向,轨交制动系统、控制软件、测试、运维；关键词：控制软件、测试、智能运行、嵌入式,可投/跟踪｜投递前核股权｜价值:A,https://crrc-sfs.hotjob.cn/,1,官网优先；需在投递或启用监控前复核入口有效性,false
0f9756caa349,11,中国中车,中车青岛四方机车车辆股份有限公司,中车青岛四方机车车辆股份有限公司,中车核心制造企业,城阳区,P2 可投/跟踪,P2,A 较难,中卡：本科起，硕士加分,高速动车组、智能制造、诊断工程、信息化；关键词：智能制造、诊断工程、信息化、数据,可投/跟踪｜价值:A,"https://www.crrcgc.cc/sfgf/
https://crrc-sfgf.hotjob.cn/",2,官网优先；需在投递或启用监控前复核入口有效性,false
4e2afe064660,12,中国信科,宸芯科技股份有限公司,宸芯科技股份有限公司,通信芯片/科技公司,青岛,P0 必看,P0,A 较难,中卡：本科起，硕士加分,通信芯片、研发、信息化、综合管理,优先投递｜投递前核股权｜价值:S,https://www.morningcore.com/,1,官网优先；需在投递或启用监控前复核入口有效性,true
831520e4c218,13,中国国家铁路集团/济南局,中国铁路济南局集团有限公司,中国铁路济南局集团有限公司,国铁集团子公司/铁路局集团,山东/青岛相关,P0 必看,P0,A 较难,中卡：本科起，硕士加分,铁路信息化、通信信号、运营管理、综合管理,优先投递｜价值:S,"https://rczp.china-railway.com.cn/page/platform/company_index.html?parentId=378
https://rczp.china-railway.com.cn/",2,官网优先；需在投递或启用监控前复核入口有效性,true
72dab4a1c719,14,中国国家铁路集团/济南局,中国铁路济南局集团有限公司青岛机务段,中国铁路济南局集团有限公司青岛机务段,机务段/分支机构,青岛,P0 必看,P0,A 较难,中卡：本科起，硕士加分,信息化、机务检修、设备管理、生产经营,优先投递｜价值:S,"https://sd.lgwy.net/upload/default/20260523/c0777899a25df1440d9f1eefeb1da302.pdf
https://rczp.china-railway.com.cn/",2,官网优先；需在投递或启用监控前复核入口有效性,true
15e56b69e501,15,中国国家铁路集团/济南局,中国铁路济南局集团有限公司青岛动车段,中国铁路济南局集团有限公司青岛动车段,动车段/分支机构,市北区,P1 优先,P1,A 较难,中卡：本科起，硕士加分,动车检修、设备管理、信息化、综合管理,重点跟踪｜价值:A,"https://rczp.china-railway.com.cn/
https://www.qcc.com/firm/fc02a110feb41cd49be684f4bb001a88.html",2,官网优先；需在投递或启用监控前复核入口有效性,true
9063954ed8dd,16,中国国家铁路集团/济南局,中国铁路济南局集团有限公司青岛电务段,中国铁路济南局集团有限公司青岛电务段,电务段/分支机构,青岛,P1 优先,P1,A 较难,中卡：本科起，硕士加分,通信信号、网络/信息系统、设备运维、安全管理,重点跟踪｜价值:A,"https://rczp.china-railway.com.cn/
https://railway.fandom.com/zh/wiki/%E6%B5%8E%E5%8D%97%E9%93%81%E8%B7%AF%E5%B1%80",2,官网优先；需在投递或启用监控前复核入口有效性,true
626a89ca231e,17,中国国家铁路集团/济南局,中国铁路济南局集团有限公司青岛站,中国铁路济南局集团有限公司青岛站,直属站/分支机构,市南区/青岛站,P1 优先,P1,A 较难,中卡：本科起，硕士加分,客运组织、车务、综合管理、信息化支持,重点跟踪｜价值:A,"https://rczp.china-railway.com.cn/
https://imgbdb4.bendibao.com/wfbdb/job/202511/17/20251117104103_23046.pdf",2,官网优先；需在投递或启用监控前复核入口有效性,true
f50aa6767f83,18,中国国家铁路集团/济南局,中国铁路济南局集团有限公司青岛供电段,中国铁路济南局集团有限公司青岛供电段,供电段/分支机构,青岛,P2 可投/跟踪,P2,A 较难,中卡：本科起，硕士加分,供电保障、设备运维、安全管理、综合管理,可投/跟踪｜价值:B,"https://www.nra.gov.cn/xxgk/gkml/jgfl/rss/202512/P020251226531120871472.pdf
https://rczp.china-railway.com.cn/",2,官网优先；需在投递或启用监控前复核入口有效性,false
09243acb6836,19,中国国家铁路集团/济南局,中国铁路济南局集团有限公司青岛车务段,中国铁路济南局集团有限公司青岛车务段,车务段/分支机构,市南区,P2 可投/跟踪,P2,A 较难,中卡：本科起，专业/经历匹配,铁路车务、物流、调度、综合管理,可投/跟踪｜价值:A,"https://rczp.china-railway.com.cn/
https://m.qcc.com/firm/108ea7042fe52ce549d0a5d911fe12de.html",2,官网优先；需在投递或启用监控前复核入口有效性,false
528ae89a9a38,20,中国国家铁路集团/济南局,济南通信段青岛相关岗位/工区,济南通信段青岛相关岗位工区,通信段青岛业务线索,青岛待核,P2 可投/跟踪,P2,A 较难,中卡：本科起，硕士加分,铁路通信、网络运维、信息化、安全通信,可投/跟踪｜价值:B,"https://rczp.china-railway.com.cn/
https://railway.fandom.com/zh/wiki/%E6%B5%8E%E5%8D%97%E9%93%81%E8%B7%AF%E5%B1%80",2,官网优先；需在投递或启用监控前复核入口有效性,false
bc540619167d,21,中国国家铁路集团/济南局,青岛动车运用所,青岛动车运用所,动车运用所/非独立主体,青岛,P2 可投/跟踪,P2,A 较难,中卡：本科起，硕士加分,动车运用、设备运维、生产管理,可投/跟踪｜价值:C,"https://rczp.china-railway.com.cn/
https://railway.fandom.com/zh/wiki/%E6%B5%8E%E5%8D%97%E9%93%81%E8%B7%AF%E5%B1%80",2,官网优先；需在投递或启用监控前复核入口有效性,false
9054c6eb2b3c,22,中国国家铁路集团/济南局,中国铁路济南局集团有限公司青岛客运段,中国铁路济南局集团有限公司青岛客运段,客运段/分支机构,青岛,P3 低优先,P3,A 较难,中卡：本科起，专业/经历匹配,客运服务、运营管理、综合管理,低频查看｜价值:B,"https://imgbdb4.bendibao.com/wfbdb/job/202511/17/20251117104103_23046.pdf
https://railway.fandom.com/zh/wiki/%E6%B5%8E%E5%8D%97%E9%93%81%E8%B7%AF%E5%B1%80",2,官网优先；需在投递或启用监控前复核入口有效性,false
ea31d572b4a5,23,中国国家铁路集团/济南局,中国铁路济南局集团有限公司青岛工务段,中国铁路济南局集团有限公司青岛工务段,工务段/分支机构,青岛,P3 低优先,P3,A 较难,中卡：本科起，硕士加分,线路维护、工程管理、安全管理、综合管理,低频查看｜价值:B,"https://rczp.china-railway.com.cn/
https://railway.fandom.com/zh/wiki/%E6%B5%8E%E5%8D%97%E9%93%81%E8%B7%AF%E5%B1%80",2,官网优先；需在投递或启用监控前复核入口有效性,false
51192b8b8042,24,中国国家铁路集团/济南局,中国铁路济南局集团有限公司青岛房产建筑生活段,中国铁路济南局集团有限公司青岛房产建筑生活段,房建生活段/分支机构,青岛,P3 低优先,P3,A 较难,中卡：本科起，专业/经历匹配,房建管理、后勤保障、综合管理,低频查看｜价值:C,"https://rczp.china-railway.com.cn/
https://railway.fandom.com/zh/wiki/%E6%B5%8E%E5%8D%97%E9%93%81%E8%B7%AF%E5%B1%80",2,官网优先；需在投递或启用监控前复核入口有效性,false
d776ba193785,25,中国国家铁路集团/济南局,中国铁路济南局集团有限公司青岛西车务段,中国铁路济南局集团有限公司青岛西车务段,车务段/分支机构,西海岸/胶州等待核,P3 低优先,P3,A 较难,中卡：本科起，专业/经历匹配,铁路车务、运输组织、综合管理,低频查看｜价值:B,"https://rczp.china-railway.com.cn/
https://railway.fandom.com/zh/wiki/%E6%B5%8E%E5%8D%97%E9%93%81%E8%B7%AF%E5%B1%80",2,官网优先；需在投递或启用监控前复核入口有效性,false
0064cf56a23f,26,中国国新,国新健康保障服务集团股份有限公司,国新健康保障服务集团股份有限公司,医疗数据/上市公司,西海岸新区,P0 必看,P0,A 较难,中卡：本科起，硕士加分,医疗数据、平台运营、信息化、安全合规,优先投递｜投递前核股权｜价值:S,https://www.crhc.cn/,1,官网优先；需在投递或启用监控前复核入口有效性,true
075ca0025c00,27,中国烟草/山东烟草/山东中烟,山东中烟工业有限责任公司青岛卷烟厂,山东中烟工业有限责任公司青岛卷烟厂,直属非法人卷烟厂,崂山区,P0 必看,P0,S 极难,强卡：硕士/双一流倾向,生产操作、信息化、设备运维、安全管理、综合管理,优先投递｜价值:S,"https://yancao.henau.edu.cn/a/zhaoshengjiuye/jiuyexinxi/2026/0306/5485.html
https://www.gaoxiaojob.com/announcement/detail/382751.html",2,官网优先；需在投递或启用监控前复核入口有效性,true
0ae40428890f,28,中国烟草/山东烟草/山东中烟,青岛市烟草专卖局（有限公司）/山东青岛烟草有限公司,青岛市烟草专卖局有限公司山东青岛烟草有限公司,市级烟草公司/专卖局公司合署,青岛,P0 必看,P0,S 极难,强卡：硕士/双一流倾向,综合管理、稽查、客户经理、信息化、财务法务,优先投递｜价值:S,"https://jn.bendibao.com/job/202618/83722.shtm
https://minsheng.qingdaonews.com/content/2016-01/12/content_11440997.htm",2,官网优先；需在投递或启用监控前复核入口有效性,true
5e4e8459d5a7,29,中国烟草/山东烟草/山东中烟,青岛颐中科技有限公司,青岛颐中科技有限公司,科技公司/新型烟草装备线索,青岛,P1 优先,P1,S 极难,强卡：硕士/双一流倾向,装备研发、检测仪器、信息化、项目管理,重点跟踪｜投递前核股权｜价值:A,"https://www.xinpianbang.com/branding_275.html
https://www.gaoxiaojob.com/announcement/detail/382751.html",2,官网优先；需在投递或启用监控前复核入口有效性,true
98afeaa6095b,30,中国烟草/山东烟草/山东中烟,颐中集团有限公司,颐中集团有限公司,山东中烟全资子公司线索,青岛待核,P1 优先,P1,S 极难,强卡：硕士/双一流倾向,多元化经营、综合管理、设备/信息化,重点跟踪｜投递前核股权｜价值:A,"https://yancao.henau.edu.cn/a/zhaoshengjiuye/jiuyexinxi/2026/0306/5485.html
https://www.gaoxiaojob.com/announcement/detail/382751.html",2,官网优先；需在投递或启用监控前复核入口有效性,true
af2c64111044,31,中国烟草/山东烟草/山东中烟,颐中（青岛）烟草机械有限公司,颐中青岛烟草机械有限公司,烟草机械公司,青岛,P1 优先,P1,S 极难,强卡：硕士/双一流倾向,装备制造、自动化、设备运维、质量管理,重点跟踪｜投递前核股权｜价值:A,"https://www.etmoc.com/userfirm/Supplier?Id=443
https://www.gaoxiaojob.com/announcement/detail/382751.html",2,官网优先；需在投递或启用监控前复核入口有效性,true
621b8b456eb3,32,中国烟草/山东烟草/山东中烟,青岛市烟草专卖局即墨区局（营销部/分公司）,青岛市烟草专卖局即墨区局营销部分公司,区县局/营销部线索,即墨区,P3 低优先,P3,S 极难,强卡：硕士/双一流倾向,稽查、客户经理、综合管理,低频查看｜价值:B,"https://jn.bendibao.com/job/202618/83722.shtm
https://minsheng.qingdaonews.com/content/2016-01/12/content_11440997.htm",2,官网优先；需在投递或启用监控前复核入口有效性,false
ba7d8afed167,33,中国烟草/山东烟草/山东中烟,青岛市烟草专卖局城阳区局（营销部/分公司）,青岛市烟草专卖局城阳区局营销部分公司,区县局/营销部线索,城阳区,P3 低优先,P3,S 极难,强卡：硕士/双一流倾向,稽查、客户经理、综合管理,低频查看｜价值:B,"https://www.gaoxiaojob.com/hotword/cvta809721
https://minsheng.qingdaonews.com/content/2016-01/12/content_11440997.htm",2,官网优先；需在投递或启用监控前复核入口有效性,false
2e3cb4a4df85,34,中国烟草/山东烟草/山东中烟,青岛市烟草专卖局崂山区局（营销部/分公司）,青岛市烟草专卖局崂山区局营销部分公司,区县局/营销部线索,崂山区,P3 低优先,P3,S 极难,强卡：硕士/双一流倾向,稽查、客户经理、综合管理,低频查看｜价值:B,"https://jn.bendibao.com/job/202618/83722.shtm
https://minsheng.qingdaonews.com/content/2016-01/12/content_11440997.htm",2,官网优先；需在投递或启用监控前复核入口有效性,false
3bb2f7d6f9ae,35,中国烟草/山东烟草/山东中烟,青岛市烟草专卖局市北区局（营销部/分公司）,青岛市烟草专卖局市北区局营销部分公司,区县局/营销部线索,市北区,P3 低优先,P3,S 极难,强卡：硕士/双一流倾向,稽查、客户经理、综合管理,低频查看｜价值:B,"https://jn.bendibao.com/job/202618/83722.shtm
https://minsheng.qingdaonews.com/content/2016-01/12/content_11440997.htm",2,官网优先；需在投递或启用监控前复核入口有效性,false
3cc682f821e5,36,中国烟草/山东烟草/山东中烟,青岛市烟草专卖局市南区局（营销部/分公司）,青岛市烟草专卖局市南区局营销部分公司,区县局/营销部线索,市南区,P3 低优先,P3,S 极难,强卡：硕士/双一流倾向,稽查、客户经理、综合管理,低频查看｜价值:B,"https://jn.bendibao.com/job/202618/83722.shtm
https://minsheng.qingdaonews.com/content/2016-01/12/content_11440997.htm",2,官网优先；需在投递或启用监控前复核入口有效性,false
4f05ca8a3618,37,中国烟草/山东烟草/山东中烟,青岛市烟草专卖局平度市局（营销部/分公司）,青岛市烟草专卖局平度市局营销部分公司,区县局/营销部线索,平度市,P3 低优先,P3,S 极难,强卡：硕士/双一流倾向,稽查、客户经理、综合管理,低频查看｜价值:B,"https://jn.bendibao.com/job/202618/83722.shtm
https://minsheng.qingdaonews.com/content/2016-01/12/content_11440997.htm",2,官网优先；需在投递或启用监控前复核入口有效性,false
82a82236c025,38,中国烟草/山东烟草/山东中烟,青岛市烟草专卖局李沧区局（营销部/分公司）,青岛市烟草专卖局李沧区局营销部分公司,区县局/营销部线索,李沧区,P3 低优先,P3,S 极难,强卡：硕士/双一流倾向,稽查、客户经理、综合管理,低频查看｜价值:B,"https://jn.bendibao.com/job/202618/83722.shtm
https://minsheng.qingdaonews.com/content/2016-01/12/content_11440997.htm",2,官网优先；需在投递或启用监控前复核入口有效性,false
5447fd254afc,39,中国烟草/山东烟草/山东中烟,青岛市烟草专卖局胶州市局（营销部/分公司）,青岛市烟草专卖局胶州市局营销部分公司,区县局/营销部线索,胶州市,P3 低优先,P3,S 极难,强卡：硕士/双一流倾向,稽查、客户经理、综合管理,低频查看｜价值:B,"https://jn.bendibao.com/job/202618/83722.shtm
https://minsheng.qingdaonews.com/content/2016-01/12/content_11440997.htm",2,官网优先；需在投递或启用监控前复核入口有效性,false
8e6d6396a77f,40,中国烟草/山东烟草/山东中烟,青岛市烟草专卖局莱西市局（营销部/分公司）,青岛市烟草专卖局莱西市局营销部分公司,区县局/营销部线索,莱西市,P3 低优先,P3,S 极难,强卡：硕士/双一流倾向,稽查、客户经理、综合管理,低频查看｜价值:B,"https://jn.bendibao.com/job/202618/83722.shtm
https://minsheng.qingdaonews.com/content/2016-01/12/content_11440997.htm",2,官网优先；需在投递或启用监控前复核入口有效性,false
c069ef815c0c,41,中国烟草/山东烟草/山东中烟,青岛市烟草专卖局黄岛区局（营销部/分公司）,青岛市烟草专卖局黄岛区局营销部分公司,区县局/营销部线索,西海岸新区/黄岛区,P3 低优先,P3,S 极难,强卡：硕士/双一流倾向,稽查、客户经理、综合管理,低频查看｜价值:B,"https://jn.bendibao.com/job/202618/83722.shtm
https://minsheng.qingdaonews.com/content/2016-01/12/content_11440997.htm",2,官网优先；需在投递或启用监控前复核入口有效性,false
839214918cfb,42,中国电信,中国电信集团系统集成有限责任公司山东分公司,中国电信集团系统集成有限责任公司山东分公司,省级系统集成分公司,山东/青岛公共资源线索,P0 必看,P0,A 较难,中卡：本科起，硕士加分,系统集成、网络安全、软件开发、ICT项目交付；关键词：系统集成、网络安全、数据库、软件开发、服务器存储,优先投递｜价值:S,"https://ideal.51job.com/sddx2022/
https://ggzy.qingdao.gov.cn/PortalQDManage/ShareResources/CorpEmps?corpCode=913701006781330187&corpGuid=a05ff31f-f21e-4185-8e1e-827e853de82c",2,官网优先；需在投递或启用监控前复核入口有效性,true
a84c0d95c80f,43,中国电信,中国电信青岛分公司,中国电信青岛分公司,地市分公司,青岛全市,P0 必看,P0,A 较难,中卡：本科起，硕士加分,网络安全、云网运营、政企支撑、数据安全,优先投递｜投递前核股权｜价值:S,https://www.chinatelecom.com.cn/,1,官网优先；需在投递或启用监控前复核入口有效性,true
17648cf0c10b,44,中国电信,中电信数智科技有限公司山东分公司,中电信数智科技有限公司山东分公司,省级数智分公司,山东/青岛相关,P0 必看,P0,A 较难,中卡：本科起，硕士加分,政企数字化、系统集成、云网安全、信创与安全产品；关键词：网络安全、系统集成、软件开发、解决方案、信创,优先投递｜价值:S,"https://www.chinatelecom.com.cn/ct/zp/165897.html
https://m.liepin.com/company/8042255/",2,官网优先；需在投递或启用监控前复核入口有效性,true
257161c883d4,45,中国电信,中国电信股份有限公司网络安全产品运营中心,中国电信股份有限公司网络安全产品运营中心,安全业务中心/待核,青岛待核,P1 优先,P1,A 较难,中卡：本科起，硕士加分,安全产品运营、数据安全、安全服务、解决方案；关键词：网络安全、数据安全、安全产品、运营,重点跟踪｜投递前核股权｜价值:A,"https://www.chinatelecom.com.cn/zp/
https://m.zhipin.com/companys/9c439c9de048fa4a0H172tS5.html",2,官网优先；需在投递或启用监控前复核入口有效性,true
5b569a667a9d,46,中国电信,天翼云科技有限公司山东/青岛业务线索,天翼云科技有限公司山东青岛业务线索,云科技专业公司/业务线索,山东/青岛待核,P1 优先,P1,A 较难,中卡：本科起，硕士加分,云计算、数据库、系统运营、交付、数据分析,重点跟踪｜投递前核股权｜价值:A,"https://www.chinatelecom.com.cn/ct/zp/155613.html
https://ctyun.hotjob.cn/",2,官网优先；需在投递或启用监控前复核入口有效性,true
6585324f9711,47,中国电建,山东电力建设第三工程有限公司,山东电力建设第三工程有限公司,工程公司/核心驻青主体,青岛,P0 必看,P0,A 较难,中卡：本科起，硕士加分,工程信息化、项目管理、综合管理、安全管理,优先投递｜投递前核股权｜价值:S,https://www.powerchina.cn/,1,官网优先；需在投递或启用监控前复核入口有效性,true
53726e8d47c0,48,中国电建,青岛颐杰鸿利科技有限公司,青岛颐杰鸿利科技有限公司,隐性子公司/科技公司；中国电建下属科技公司,青岛，待核；崂山区,P0 必看,P0,A 较难,中卡：本科起，硕士加分,科技、信息化、项目管理、综合管理；工程信息化、工业自动化、数字孪生、三维数字化、工控；关键词：科技、信息化、项目管理、综合管理；软件开发、工控、数字孪生、EPC信息化、系统集成,优先投递｜投递前核股权｜价值:S,"https://www.zhaopin.com/companydetail/CZ190489520.htm
https://sepco3.powerchina.cn/col16690/art/2024/art_16690_2044768.html",2,官网优先；需在投递或启用监控前复核入口有效性,true
790a2e92e65e,49,中国电建,青岛鸿利软件有限公司,青岛鸿利软件有限公司,颐杰鸿利子公司线索,青岛待核,P1 优先,P1,B 中等,弱中卡：本科起，专业匹配,能源工程软件、系统集成、数字化交付；关键词：软件开发、工程信息化、系统集成,重点跟踪｜投递前核股权｜价值:A,https://www.zhaopin.com/companydetail/CZ190489520.htm,1,官网优先；需在投递或启用监控前复核入口有效性,true
8ec153be9ad4,50,中国电建,中国电建集团核电工程有限公司青岛分公司,中国电建集团核电工程有限公司青岛分公司,分公司,四方区/市北区待核,P3 低优先,P3,C 相对友好,弱卡：技能/经验优先,工程管理、综合管理、安全管理,低频查看｜投递前核股权｜价值:B,https://www.powerchina.cn/,1,官网优先；需在投递或启用监控前复核入口有效性,false
b38d727155a5,51,中国电建,水电三局青岛分公司,水电三局青岛分公司,分公司,青岛,P3 低优先,P3,C 相对友好,弱卡：技能/经验优先,工程管理、综合管理,低频查看｜投递前核股权｜价值:B,https://www.powerchina.cn/,1,官网优先；需在投递或启用监控前复核入口有效性,false
636bef3cd35f,52,中国电科,中国电子科技集团有限公司第四十、四十一研究所青岛业务,中国电子科技集团有限公司第四十、四十一研究所青岛业务,央企研究所/青岛基地,青岛,P0 必看,P0,A 较难,强卡：硕士/双一流倾向,电子测试、自动测试、信息安全测试、量子精密测试；关键词：软件、信息安全、自动测试、量子测试、算法,优先投递｜价值:S,"https://www.gaoxiaojob.com/announcement/detail/369313.html
https://fenbi.com/page/fenxiaozhaokaodetail/4/0/466603060257792",2,官网优先；需在投递或启用监控前复核入口有效性,true
8598b70e91ab,53,中国电科,中电科思仪科技股份有限公司,中电科思仪科技股份有限公司,二级单位/电子测量仪器；中国电科直属二级企业,西海岸新区；青岛,P0 必看,P0,A 较难,中卡：本科起，硕士加分,电子信息、网络安全、研发、信息化、综合管理；电子测量、软件算法、DevOps、通信系统、信息安全测试；关键词：电子信息、网络安全、研发、信息化、综合管理；软件工程、算法、通信、信息安全、DevOps,优先投递｜投递前核股权｜价值:S,"https://www.ceyear.com/
https://www.iguopin.com/company?id=10685375636694712",2,官网优先；需在投递或启用监控前复核入口有效性,true
11fd11b6157b,54,中国电科,青岛杰瑞工控技术有限公司,青岛杰瑞工控技术有限公司,工控技术公司,崂山区,P0 必看,P0,A 较难,中卡：本科起，硕士加分,工控、自动化、信息化、项目管理,优先投递｜投递前核股权｜价值:S,https://www.cssc.net.cn/,1,官网优先；需在投递或启用监控前复核入口有效性,true
0d5a1ed12adc,55,中国电科,中国电科第二十二研究所青岛本部,中国电科第二十二研究所青岛本部,研究所/事业单位体系,城阳区,P1 优先,P1,A 较难,强卡：硕士/双一流倾向,科研、信息化、职能管理,重点跟踪｜投递前核股权｜价值:A,https://www.cetc.com.cn/,1,官网优先；需在投递或启用监控前复核入口有效性,true
dbf1fbcc2c1f,56,中国电科,中电科（青岛）电波技术有限公司,中电科青岛电波技术有限公司,研究所体系子公司,城阳区,P1 优先,P1,A 较难,强卡：硕士/双一流倾向,电子信息、研发、信息化、综合管理,重点跟踪｜投递前核股权｜价值:A,https://www.cetc.com.cn/,1,官网优先；需在投递或启用监控前复核入口有效性,true
80682602864c,57,中国电科,中国电波传播研究所青岛分所/中国电科22所青岛分所,中国电波传播研究所青岛分所中国电科22所青岛分所,央企研究所分所,青岛,P2 可投/跟踪,P2,A 较难,强卡：硕士/双一流倾向,电波环境、通信、信息系统、软件/数据处理；关键词：通信、数据处理、软件、信息系统,可投/跟踪｜价值:A,"https://companyadc.51job.com/companyads/2022/bj/36176916/index.htm
https://m.zhipin.com/companys/c7b229cbfddab0231nBz3dS0FFU~.html",2,官网优先；需在投递或启用监控前复核入口有效性,false
5f514f0b3991,58,中国电科,中电科青岛产业园,中电科青岛产业园,产业园/平台,城阳区,P2 可投/跟踪,P2,A 较难,中卡：本科起，硕士加分,产业运营、招商、信息化,可投/跟踪｜投递前核股权｜价值:B,https://www.cetc.com.cn/,1,官网优先；需在投递或启用监控前复核入口有效性,false
96bd19dd0325,59,中国移动,中国移动山东有限公司青岛分公司,中国移动山东有限公司青岛分公司,地市分公司,青岛全市,P0 必看,P0,A 较难,中卡：本科起，硕士加分,网络安全、云、政企、数据治理、综合管理,优先投递｜投递前核股权｜价值:S,https://www.10086.cn/,1,官网优先；需在投递或启用监控前复核入口有效性,true
5176d03b1a3e,60,中国移动,中国移动通信集团山东有限公司青岛分公司,中国移动通信集团山东有限公司青岛分公司,地市分公司,青岛,P0 必看,P0,A 较难,中卡：本科起，硕士加分,运营商IT/CT/DT、云网、信息安全、数据、解决方案；关键词：IT、CT、DT、信息安全、云网、数据运营,优先投递｜价值:S,"https://career.nankai.edu.cn/company/index/sxid/147/id/14869.html
https://job.10086.cn/",2,官网优先；需在投递或启用监控前复核入口有效性,true
88c5f9f83e67,61,中国移动,中移建设有限公司山东分公司/青岛项目线索,中移建设有限公司山东分公司青岛项目线索,建设类省级分公司/项目线索,山东/青岛待核,P2 可投/跟踪,P2,A 较难,中卡：本科起，硕士加分,通信工程建设、网络建设、项目管理、交付管理；关键词：通信建设、项目交付、工程管理、网络建设,可投/跟踪｜投递前核股权｜价值:B,"https://xyzp.51job.com/gdtt
https://job.10086.cn/",2,官网优先；需在投递或启用监控前复核入口有效性,false
45cecebc42c1,62,中国移动,中移铁通有限公司山东分公司,中移铁通有限公司山东分公司,省级分公司,山东/青岛相关,P2 可投/跟踪,P2,A 较难,中卡：本科起，硕士加分,移动网络维护、家宽装维、集团客户维护、信息化支撑；关键词：网络运维、通信工程、客户维护、项目交付,可投/跟踪｜价值:A,"https://campus.51job.com/tietong
https://www.iguopin.com/company?id=10685308900051460",2,官网优先；需在投递或启用监控前复核入口有效性,false
dd7ed06b5e77,63,中国移动,中移铁通有限公司青岛分公司,中移铁通有限公司青岛分公司,地市分公司/服务中心线索,青岛,P4 备查,P4,A 较难,中卡：本科起，硕士加分,移动宽带装维、网络维护、项目支撑；关键词：网络维护、通信工程、智慧家庭,备查｜价值:B,"https://campus.51job.com/tietong
https://m.zhipin.com/companys/9c51b7207804c4a303R-2t60E1Y~.html",2,官网优先；需在投递或启用监控前复核入口有效性,false
3178010a665a,64,中国联通,中国联合网络通信有限公司青岛市分公司,中国联合网络通信有限公司青岛市分公司,运营商地市分公司,青岛,P0 必看,P0,A 较难,中卡：本科起，硕士加分,AI算法、大数据建模、云计算、网络工程、项目交付；关键词：AI、大数据、云计算、网络工程、项目交付,优先投递｜价值:S,"https://job.hdu.edu.cn/campus/view?id=9050
https://zglt.iguopin.com/job",2,官网优先；需在投递或启用监控前复核入口有效性,true
c047a089d11f,65,中国联通,中国联通青岛市分公司,中国联通青岛市分公司,地市分公司,青岛全市,P0 必看,P0,A 较难,中卡：本科起，硕士加分,网络安全、政企、云网、综合管理,优先投递｜投递前核股权｜价值:S,https://www.chinaunicom.com.cn/,1,官网优先；需在投递或启用监控前复核入口有效性,true
9cd8ed7ebd2b,66,中国联通,联通数字科技有限公司山东省分公司,联通数字科技有限公司山东省分公司,省级数科分公司,山东/青岛相关,P0 必看,P0,A 较难,中卡：本科起，硕士加分,云计算、大数据、物联网、网络安全、政企数字化；关键词：云计算、大数据、网络安全、物联网、系统集成,优先投递｜价值:S,"https://cudt.zhiye.com/campus
https://m.zhipin.com/companys/014ad98eb60ef7771HBz3d27GFc~.html",2,官网优先；需在投递或启用监控前复核入口有效性,true
fb99e03ae58f,67,中国联通,联通数字科技有限公司山东省分公司等保测评中心,联通数字科技有限公司山东省分公司等保测评中心,等保测评/安全服务能力线索,山东/青岛相关,P0 必看,P0,A 较难,中卡：本科起，硕士加分,等保测评、数字安全、政企安全服务；关键词：等保测评、网络安全、合规、安全服务,优先投递｜价值:S,"https://www.51dns.com/dengbao/133.html
https://cudt.zhiye.com/campus",2,官网优先；需在投递或启用监控前复核入口有效性,true
7918e1a8da7c,68,中国航信/民航凯亚,青岛民航凯亚系统集成有限公司,青岛民航凯亚系统集成有限公司,信息化/系统集成公司；民航信息化系统集成公司,青岛,P0 必看,P0,A 较难,中卡：本科起，硕士加分,民航信息化、系统集成、运维、安全；民航系统集成、软件开发、运维、弱电系统；关键词：民航信息化、系统集成、运维、安全；运维工程师、开发工程师、产品经理、网络工程,优先投递｜投递前核股权｜价值:S,"https://www.travelskyir.com/
https://www.iguopin.com/company?id=10685386325134453",2,官网优先；需在投递或启用监控前复核入口有效性,true
206aa0203a43,69,中国船舶,中国船舶集团青岛北海造船有限公司,中国船舶集团青岛北海造船有限公司,二级/核心制造主体,西海岸新区,P0 必看,P0,A 较难,中卡：本科起，硕士加分,工业信息化、工控安全、质量管理、综合管理,优先投递｜投递前核股权｜价值:S,https://www.cssc.net.cn/,1,官网优先；需在投递或启用监控前复核入口有效性,true
81407231c68e,70,中国船舶,中船船舶设计研究中心有限公司,中船船舶设计研究中心有限公司,二级子公司/设计中心,青岛,P0 必看,P0,A 较难,中卡：本科起，硕士加分,设计研发、信息化、项目管理、综合管理,优先投递｜投递前核股权｜价值:S,https://www.cssc.net.cn/,1,官网优先；需在投递或启用监控前复核入口有效性,true
3c2f85c543af,71,中国船舶,青岛双瑞海洋环境工程股份有限公司,青岛双瑞海洋环境工程股份有限公司,船舶配套/环保装备,崂山区,P1 优先,P1,A 较难,中卡：本科起，硕士加分,环保装备、项目管理、信息化、综合管理,重点跟踪｜投递前核股权｜价值:A,https://www.cssc.net.cn/,1,官网优先；需在投递或启用监控前复核入口有效性,true
eadf5c7f4b40,72,中国船舶,中国船级社青岛分社,中国船级社青岛分社,直属分社/技术服务机构,市北区,P2 可投/跟踪,P2,A 较难,中卡：本科起，硕士加分,船舶检验、认证、信息化支持、技术服务；关键词：检验、认证、信息化、技术服务,可投/跟踪｜价值:A,"https://www.ccs.org.cn/ccswz/contact?columnid=202006031013151326
https://www.ccs.org.cn/ccswz/gotoRecruit?columnid=202508250398118848",2,官网优先；需在投递或启用监控前复核入口有效性,false
d2383f663ec2,73,中国船舶,中国船舶集团渤海造船有限公司青岛分公司,中国船舶集团渤海造船有限公司青岛分公司,分公司,崂山区,P2 可投/跟踪,P2,A 较难,中卡：本科起，硕士加分,工程管理、综合管理、信息化,可投/跟踪｜投递前核股权｜价值:B,https://www.cssc.net.cn/,1,官网优先；需在投递或启用监控前复核入口有效性,false
be30030821fa,74,中国通信服务/中通服,山东省信息产业服务有限公司,山东省信息产业服务有限公司,中国通服山东独立法人子公司,山东/青岛相关,P0 必看,P0,A 较难,中卡：本科起，硕士加分,ICT服务、系统集成、软件、政企信息化、运维；关键词：系统集成、软件开发、ICT服务、项目管理、网络运维,优先投递｜投递前核股权｜价值:S,https://www.iguopin.com/company?id=57313020803547283,1,官网优先；需在投递或启用监控前复核入口有效性,true
c3ba30083ec5,75,中国通信服务/中通服,中通服咨询设计研究院有限公司山东/青岛项目线索,中通服咨询设计研究院有限公司山东青岛项目线索,设计院/咨询公司线索,山东/青岛待核,P2 可投/跟踪,P2,C 相对友好,强卡：硕士/双一流倾向,通信设计、数据中心、智能化、信息化咨询,可投/跟踪｜投递前核股权｜价值:B,https://cicdi2026.zhaopin.com/index.html,1,官网优先；需在投递或启用监控前复核入口有效性,false
2e0798b68201,76,中国通信服务/中通服,山东省邮电工程有限公司,山东省邮电工程有限公司,通信工程/系统集成公司,山东/青岛相关,P2 可投/跟踪,P2,B 中等,弱中卡：本科起，专业匹配,通信工程、网络维护、系统集成、工程项目管理；关键词：通信工程、网络维护、系统集成、项目经理,可投/跟踪｜投递前核股权｜价值:A,"https://www.zjbc.edu.cn/dae/2017/0202/c283a16615/page.htm
https://m.liepin.com/company/9115675/",2,官网优先；需在投递或启用监控前复核入口有效性,false
de80c3d07df8,77,中国邮政集团,中国邮政储蓄银行青岛分行,中国邮政储蓄银行青岛分行,分行,市南区,P0 必看,P0,S 极难,强卡：硕士/双一流倾向,金融科技、运营支持、财富管理、数据分析；金融科技、运营、数据分析、财富管理,优先投递｜价值:S,"https://www.psbc.com/cn/fhpd/jhdls/qdfh/zxgg_1298/index_5.html
https://jobcareer.sdu.edu.cn/eweb/jygl/index.so?id=X59Mq8NCLppyL1UBgAnkwJ&modcode=jygl_zpxxck&subsyscode=zpfw&type=ssoViewZpxx",2,官网优先；需在投递或启用监控前复核入口有效性,true
224d96dd5a38,78,中国邮政集团,中国邮政集团有限公司青岛市分公司,中国邮政集团有限公司青岛市分公司,市级分公司,市南区,P0 必看,P0,A 较难,中卡：本科起，硕士加分,数据分析、物流业务、产品管理、金融业务、综合管理,优先投递｜价值:S,"https://www.chinapost.com.cn/cn/report/2606/4026-1.htm
https://jobcareer.sdu.edu.cn/eweb/jygl/index.so?id=X59Mq8NCLppyL1UBgAnkwJ&modcode=jygl_zpxxck&subsyscode=zpfw&type=ssoViewZpxx",2,官网优先；需在投递或启用监控前复核入口有效性,true
4e860b9ae81c,79,中国邮政集团,中国邮政速递物流股份有限公司青岛市分公司,中国邮政速递物流股份有限公司青岛市分公司,速递物流市级分公司,青岛,P1 优先,P1,A 较难,中卡：本科起，硕士加分,物流运营、供应链、信息化、项目管理,重点跟踪｜价值:A,"https://www.chinapost.com.cn/
https://m.zhipin.com/companys/b335bc8af3ae1f1b1Xx92N-6GFo~.html",2,官网优先；需在投递或启用监控前复核入口有效性,true
e232323eb196,80,中国邮政集团,中国邮政速递物流有限公司山东省国际快递分公司青岛口岸,中国邮政速递物流有限公司山东省国际快递分公司青岛口岸,国际快递/口岸业务主体,市南区/青岛口岸,P2 可投/跟踪,P2,B 中等,弱中卡：本科起，专业匹配,国际物流、供应链、项目管理、运营管理,可投/跟踪｜价值:A,"https://www.chinapost.com.cn/html1/report/2411/6216-1.htm
https://www.chinapost.com.cn/",2,官网优先；需在投递或启用监控前复核入口有效性,false
7026ee9cb5f3,81,中国邮政集团,中邮证券有限责任公司青岛分公司,中邮证券有限责任公司青岛分公司,证券分公司,崂山区,P2 可投/跟踪,P2,S 极难,强卡：硕士/双一流倾向,财富管理、投研支持、综合运营、合规,可投/跟踪｜价值:A,https://cnpsec.com/main/aboutUs/companyProfile/outlets/branchinfo/77/index.shtml,1,官网优先；需在投递或启用监控前复核入口有效性,false
0eb8fa82a85a,82,中国邮政集团,中国邮政集团有限公司青岛市分公司区市分公司体系,中国邮政集团有限公司青岛市分公司区市分公司体系,区市分公司线索,青岛各区市,P3 低优先,P3,A 较难,中卡：本科起，专业/经历匹配,基层综合、金融业务、寄递业务、运营管理,低频查看｜价值:B,"https://sd.huatu.com/2024/0301/1502603.html
https://jobcareer.sdu.edu.cn/eweb/jygl/index.so?id=X59Mq8NCLppyL1UBgAnkwJ&modcode=jygl_zpxxck&subsyscode=zpfw&type=ssoViewZpxx",2,官网优先；需在投递或启用监控前复核入口有效性,false
873d0f700585,83,中国邮政集团,中国邮政速递物流股份有限公司青岛市分公司山东路营业厅,中国邮政速递物流股份有限公司青岛市分公司山东路营业厅,营业厅/分支机构,市南/市北待核,P4 备查,P4,B 中等,弱中卡：本科起，专业匹配,寄递运营、客户服务,备查｜价值:C,"https://www.chinapost.com.cn/
https://m.zhipin.com/companys/b335bc8af3ae1f1b1Xx92N-6GFo~.html",2,官网优先；需在投递或启用监控前复核入口有效性,false
638c0898fa54,84,中国邮政集团,中国邮政速递物流股份有限公司青岛市分公司胶东机场邮件集散中心,中国邮政速递物流股份有限公司青岛市分公司胶东机场邮件集散中心,邮件集散中心/网点线索,胶州/胶东机场,P4 备查,P4,A 较难,中卡：本科起，专业/经历匹配,航空物流、仓储运营、现场管理,备查｜价值:B,"https://m.zhaopin.com/company/9137KU0M41DUINDOKF.htm
https://www.chinapost.com.cn/",2,官网优先；需在投递或启用监控前复核入口有效性,false
ac66c5e69124,85,中国邮政集团,中邮人寿保险股份有限公司山东分公司青岛业务线索,中邮人寿保险股份有限公司山东分公司青岛业务线索,保险分支/业务线索,青岛待核,P4 备查,P4,A 较难,中卡：本科起，专业/经历匹配,运营、合规、客户运营、综合管理,备查｜价值:B,https://www.yingjiesheng.com/industry_wkyjc644cv.html,1,官网优先；需在投递或启用监控前复核入口有效性,false
d1aea9d739c5,86,中国铁塔,中国铁塔股份有限公司山东省分公司,中国铁塔股份有限公司山东省分公司,省级分公司,山东/青岛相关,P0 必看,P0,A 较难,中卡：本科起，硕士加分,通信基础设施、低空经济、智联业务、能源换电、信息化；关键词：信息化、产品研发、智联技术、低空经济、能源业务,优先投递｜价值:S,"https://www.china-tower.com/
https://zhaopin.chinatowercom.cn/",2,官网优先；需在投递或启用监控前复核入口有效性,true
7022cc4d21cd,87,中国铁塔,中国铁塔股份有限公司青岛市分公司,中国铁塔股份有限公司青岛市分公司,市级分公司,青岛,P0 必看,P0,A 较难,中卡：本科起，硕士加分,通信基础设施运维、智联业务、低空经济、项目管理；关键词：网络运维、项目经理、智联技术、低空经济,优先投递｜价值:S,"https://zhaopin.chinatowercom.cn/
https://www.eoffcn.com/kszx/detail/1871451.html",2,官网优先；需在投递或启用监控前复核入口有效性,true
421d179ca203,88,中国铁塔,铁塔智联技术有限公司山东/青岛业务线索,铁塔智联技术有限公司山东青岛业务线索,专业子公司/业务线索,山东/青岛待核,P1 优先,P1,A 较难,中卡：本科起，硕士加分,行业数字化、物联网感知、低空经济、平台产品；关键词：智联技术、行业数字化、物联网、产品经理,重点跟踪｜投递前核股权｜价值:A,"https://www.china-tower.com/Index/lists/catid/33.html
https://zhaopin.chinatowercom.cn/",2,官网优先；需在投递或启用监控前复核入口有效性,true
6271514a63f2,89,中国铁塔,铁塔能源有限公司山东分公司,铁塔能源有限公司山东分公司,省级能源业务分公司,山东/青岛相关,P1 优先,P1,A 较难,中卡：本科起，专业/经历匹配,备电、换电、储能、能源物联网、项目运营；关键词：能源业务、换电、备电、IoT、运营管理,重点跟踪｜价值:A,"https://ebid.chinatowercom.cn/zgtt/gggs/003003/20250403/49204fe0-036b-4e38-8e99-cc24e8221916.html
https://zhaopin.chinatowercom.cn/",2,官网优先；需在投递或启用监控前复核入口有效性,true
35a5a620dd34,90,中国铁塔,山东铁塔能源青岛分公司,山东铁塔能源青岛分公司,地市能源业务线索,青岛,P2 可投/跟踪,P2,A 较难,中卡：本科起，专业/经历匹配,换电柜、备电、能源运营、现场项目管理；关键词：能源运营、项目管理、换电、备电,可投/跟踪｜价值:A,"https://zhaopin.chinatowercom.cn/
https://sd.people.com.cn/n2/2020/1112/c397271-34411234.html",2,官网优先；需在投递或启用监控前复核入口有效性,false
b4d0a408cf96,91,中央金融企业,中国农业银行青岛市分行,中国农业银行青岛市分行,直属分行,青岛,P0 必看,P0,S 极难,强卡：硕士/双一流倾向,金融科技、数据治理、支行综合、客户经理,优先投递｜价值:S,"https://www.abchina.com/cn/branch/tao/
https://career.abchina.com.cn/",2,官网优先；需在投递或启用监控前复核入口有效性,true
2a614661907b,92,中央金融企业,中国工商银行青岛市分行,中国工商银行青岛市分行,一级分行,青岛,P0 必看,P0,S 极难,强卡：硕士/双一流倾向,科技菁英、信息安全、数据分析、客户经理、综合管理,优先投递｜价值:S,"https://www.china-agrore.com/data/admin/file/2021-11-26/61a095b4b8e4d.pdf
https://job.icbc.com.cn/pc/",2,官网优先；需在投递或启用监控前复核入口有效性,true
b7c7d878757b,93,中央金融企业,中国建设银行青岛市分行,中国建设银行青岛市分行,一级分行,青岛,P0 必看,P0,S 极难,强卡：硕士/双一流倾向,金融科技、综合营销、风险合规、运营管理,优先投递｜价值:S,"https://ccb.com/cn/job/announcement.html?annoId=20250908105832509842
https://job.ccb.com/",2,官网优先；需在投递或启用监控前复核入口有效性,true
53d7de4160b1,94,中央金融企业,中国进出口银行山东省分行,中国进出口银行山东省分行,省级分行,青岛,P0 必看,P0,S 极难,强卡：硕士/双一流倾向,国际业务、信贷、法律合规、金融科技,优先投递｜价值:S,"https://www.eximbank.gov.cn/aboutExim/organization/branch/sdsfh/
https://www.eximbank.gov.cn/info/notice/recruit/202510/t20251029_70302.html",2,官网优先；需在投递或启用监控前复核入口有效性,true
76b14f037e6c,95,中央金融企业,中国银行青岛市分行,中国银行青岛市分行,一级分行,市南区,P0 必看,P0,S 极难,强卡：硕士/双一流倾向,境内分行信息科技、运营支持、综合管理,优先投递｜价值:S,"https://www.bankofchina.com/sourcedb/operations2021/406/608/610/index_124.htm
https://www.boc.cn/aboutboc/bi4/",2,官网优先；需在投递或启用监控前复核入口有效性,true
7a4ec8591a72,96,中央金融企业,交通银行青岛分行,交通银行青岛分行,分行,青岛,P0 必看,P0,S 极难,强卡：硕士/双一流倾向,金融科技、客户经理、运营、风险管理,优先投递｜价值:S,"https://www.bankcomm.com/BankCommSite/shtml/jyjr/cn/7804/2600473/2600492/list_1.shtml
https://job.bankcomm.com",2,官网优先；需在投递或启用监控前复核入口有效性,true
df3cee6c1cac,97,中央金融企业,国家开发银行青岛市分行,国家开发银行青岛市分行,一级分行/分行,青岛,P0 必看,P0,S 极难,强卡：硕士/双一流倾向,金融科技、信贷业务、风险合规、综合管理,优先投递｜价值:S,"https://www.china-agrore.com/data/admin/file/2021-11-26/61a095b4b8e4d.pdf
https://www.cdb.com.cn/xwzx/xxgg/zpgg/",2,官网优先；需在投递或启用监控前复核入口有效性,true
1656880c8788,98,中央金融企业,中国农业发展银行青岛市分行,中国农业发展银行青岛市分行,市级分行,市南区,P1 优先,P1,S 极难,强卡：硕士/双一流倾向,政策性金融、信贷业务、风控合规、综合管理,重点跟踪｜价值:S,"https://www.adbc.com.cn/n6/n23/c41196/content.html
https://www.adbc.com.cn/n354735/n355043/index.html",2,官网优先；需在投递或启用监控前复核入口有效性,true
cee7968f1a23,99,中石化,中国石化青岛炼油化工有限责任公司,中国石化青岛炼油化工有限责任公司,子公司/生产主体,西海岸新区,P0 必看,P0,A 较难,中卡：本科起，硕士加分,信息化、网络安全、HSE、安全管理、综合管理,优先投递｜投递前核股权｜价值:S,https://www.sinopec.com/,1,官网优先；需在投递或启用监控前复核入口有效性,true
fc04f793f789,100,中石化,中石化安全工程研究院有限公司,中石化安全工程研究院有限公司,二级子公司/研究院,崂山区,P0 必看,P0,A 较难,强卡：硕士/双一流倾向,安全工程、信息化、合规、综合管理,优先投递｜投递前核股权｜价值:S,https://rise.sinopec.com/,1,官网优先；需在投递或启用监控前复核入口有效性,true
f0e729dccd2d,101,中石化,中石化经纬有限公司,中石化经纬有限公司,二级子公司/技术服务,青岛，待核具体区,P0 必看,P0,A 较难,中卡：本科起，硕士加分,技术服务、数据平台、综合管理、信息化,优先投递｜投递前核股权｜价值:S,https://www.sinopec.com/,1,官网优先；需在投递或启用监控前复核入口有效性,true
90005c740000,102,中石化,中国石化青岛石油化工有限责任公司,中国石化青岛石油化工有限责任公司,子公司/生产主体,李沧区,P1 优先,P1,A 较难,中卡：本科起，硕士加分,信息化、综合管理、安全环保、生产管理,重点跟踪｜投递前核股权｜价值:A,https://www.sinopec.com/,1,官网优先；需在投递或启用监控前复核入口有效性,true
efddd054360f,103,中石化,中石化第十建设有限公司/青岛相关主体,中石化第十建设有限公司青岛相关主体,施工企业/分支待核,青岛，待核,P3 低优先,P3,A 较难,中卡：本科起，硕士加分,项目管理、安全管理、招采、综合管理,低频查看｜投递前核股权｜价值:B,https://www.sinopec.com/,1,官网优先；需在投递或启用监控前复核入口有效性,false
a0608822cafe,104,中路保险,中路财产保险股份有限公司,中路财产保险股份有限公司,全国性法人财险公司,崂山区,P0 必看,P0,A 较难,中卡：本科起，硕士加分,风控、数据分析、理赔、合规、信息化,优先投递｜投递前核股权｜价值:S,"https://www.zhlic.com.cn/
https://www.iguopin.com/company?id=10685396278051789",2,官网优先；需在投递或启用监控前复核入口有效性,true
e0cd1a8ebf20,105,国家电网,国网山东省电力公司青岛供电公司,国网山东省电力公司青岛供电公司,分公司/地市供电公司；地市供电公司,青岛全市；青岛,P0 必看,P0,S 极难,强卡：硕士/双一流倾向,电力信息化、网络安全、综合能源、综合管理；电力信息化、供电生产系统、网络与数据安全；关键词：电力信息化、网络安全、综合能源、综合管理；信息通信、网络安全、供电系统、运维,优先投递｜投递前核股权｜价值:S,"https://zhaopin.sgcc.com.cn/
https://zhaopin.sgcc.com.cn/sgcchr/static/unitInfo.html?level=3&obj_id=10564810",2,官网优先；需在投递或启用监控前复核入口有效性,true
d65de63908c6,106,国家电网,国网山东省电力公司信息通信公司,国网山东省电力公司信息通信公司,省公司支撑单位,山东/青岛相关,P1 优先,P1,S 极难,强卡：硕士/双一流倾向,电力信息通信、数据中心、网络安全、系统运维；关键词：信息通信、网络安全、系统运维、数据中心,重点跟踪｜价值:A,"https://zhaopin.sgcc.com.cn/sgcchr/static/unitInfo.html?level=3&obj_id=10567436
https://zhaopin.sgcc.com.cn/",2,官网优先；需在投递或启用监控前复核入口有效性,true
6c76eb334b29,107,国家电网,国网综合能源服务集团山东/青岛业务线索,国网综合能源服务集团山东青岛业务线索,综合能源公司线索,山东/青岛待核,P2 可投/跟踪,P2,S 极难,强卡：硕士/双一流倾向,综合能源、储能、低碳平台、项目技术；关键词：综合能源、储能、项目技术、能源管理,可投/跟踪｜投递前核股权｜价值:B,"https://zhaopin.sgcc.com.cn/sgcchr/static/unitPart.html?id=fd3273d483e6437a9d5d3795e59be68f&obj_id=10749000
https://zhaopin.sgcc.com.cn/",2,官网优先；需在投递或启用监控前复核入口有效性,false
ef59b11d106b,108,山东港口集团,山东港口科技集团有限公司,山东港口科技集团有限公司,省属港口科技板块集团,青岛,P0 必看,P0,A 较难,中卡：本科起，硕士加分,智慧港口、信息化、大数据、自动化控制、安防系统；关键词：智慧港口、软件开发、大数据、自动化、信息安全,优先投递｜投递前核股权｜价值:S,"https://www.sd-port.com/businessSector/2020-03-24/427153188446011392.html
https://job.ncepu.edu.cn/zpgg/64325f3b832740d48485854541dc85a4.htm",2,官网优先；需在投递或启用监控前复核入口有效性,true
813d644d37ae,109,山东港口集团,山东港口科技集团青岛有限公司,山东港口科技集团青岛有限公司,青岛子公司,市北区,P0 必看,P0,A 较难,中卡：本科起，硕士加分,港口信息化、软件维护、EAM、财务共享、数据平台；关键词：软件开发、系统维护、港航信息化、数据平台,优先投递｜价值:S,"https://apps.apple.com/us/developer/%E5%B1%B1%E4%B8%9C%E6%B8%AF%E5%8F%A3%E7%A7%91%E6%8A%80%E9%9B%86%E5%9B%A2%E9%9D%92%E5%B2%9B%E6%9C%89%E9%99%90%E5%85%AC%E5%8F%B8/id1671730278
https://m.qcc.com/firm/1e7bb841178f06aafc1b187b696ee9a6.html",2,官网优先；需在投递或启用监控前复核入口有效性,true
65a141e9d558,110,山东港口集团,青岛港集团有限公司,青岛港集团有限公司,核心子公司,青岛,P0 必看,P0,A 较难,中卡：本科起，硕士加分,港口运营、信息化、物流、安全管理,优先投递｜投递前核股权｜价值:S,https://www.qingdao-port.com/,1,官网优先；需在投递或启用监控前复核入口有效性,true
ab6bfaf92053,111,山东港口集团,山东港口青岛港集团有限公司智慧港口/AI中试基地线索,山东港口青岛港集团有限公司智慧港口AI中试基地线索,业务/项目线索,青岛港,P1 优先,P1,A 较难,中卡：本科起，硕士加分,智慧港口、AI中试基地、港航数据、自动化码头；关键词：智慧港口、AI、自动化码头、港航数据,重点跟踪｜投递前核股权｜价值:A,"https://www.zgsyb.com/news.html?aid=737366
https://www.sd-port.com/talentDemandPage/2024-04-07/961632310975791104.html",2,官网优先；需在投递或启用监控前复核入口有效性,true
6e86158da1ef,112,山东港口集团,山东省港口集团有限公司,山东省港口集团有限公司,集团总部,青岛,P0 必看,P0,A 较难,中卡：本科起，硕士加分,港口信息化、物流、综合管理、数据治理、安全运营,优先投递｜投递前核股权｜价值:S,https://www.sd-port.com/,1,官网优先；需在投递或启用监控前复核入口有效性,true
1a9e3c6030e5,113,山东港口集团,山东陆海服务发展集团有限公司,山东陆海服务发展集团有限公司,全资子公司/服务平台,青岛,P1 优先,P1,B 中等,弱中卡：本科起，专业匹配,陆海物流、服务运营、综合管理、信息化,重点跟踪｜投递前核股权｜价值:A,https://www.sd-port.com/,1,官网优先；需在投递或启用监控前复核入口有效性,true
cabb6cdb86e1,114,山东高速集团,山东高速青岛发展有限公司,山东高速青岛发展有限公司,青岛平台公司,青岛,P0 必看,P0,A 较难,中卡：本科起，硕士加分,交通信息化、项目管理、招采、综合管理,优先投递｜投递前核股权｜价值:S,https://www.sdhsg.com/,1,官网优先；需在投递或启用监控前复核入口有效性,true
edc29b6eec95,115,山东高速集团,山东高速青岛公路/建设管理/产业投资/基金线索,山东高速青岛公路建设管理产业投资基金线索,权属单位线索,青岛,P2 可投/跟踪,P2,A 较难,中卡：本科起，专业/经历匹配,项目管理、综合管理、投资风控,可投/跟踪｜投递前核股权｜价值:A,https://www.sdhsg.com/,1,官网优先；需在投递或启用监控前复核入口有效性,false
7f519ffcde39,116,浪潮集团,浪潮（青岛）科技集团有限公司,浪潮青岛科技集团有限公司,科技公司/平台,青岛,P0 必看,P0,A 较难,中卡：本科起，硕士加分,云、数据、安全、AI、项目管理,优先投递｜投递前核股权｜价值:S,https://www.inspur.com/,1,官网优先；需在投递或启用监控前复核入口有效性,true
ab90f73f3e71,117,浪潮集团,山东浪潮智慧海洋科技有限公司,山东浪潮智慧海洋科技有限公司,科技公司,青岛，待核,P1 优先,P1,A 较难,中卡：本科起，硕士加分,智慧海洋、数据平台、项目管理,重点跟踪｜投递前核股权｜价值:A,https://www.inspur.com/,1,官网优先；需在投递或启用监控前复核入口有效性,true
bfe5c2422b23,118,浪潮集团,浪潮人工智能产业技术研究院青岛线索,浪潮人工智能产业技术研究院青岛线索,研究院/平台,青岛，待核,P1 优先,P1,A 较难,强卡：硕士/双一流倾向,AI、数据、研发管理、综合管理,重点跟踪｜投递前核股权｜价值:A,https://www.inspur.com/,1,官网优先；需在投递或启用监控前复核入口有效性,true
e9e440165b11,119,浪潮集团,浪潮青岛大数据产业园,浪潮青岛大数据产业园,产业园/平台,青岛,P1 优先,P1,A 较难,中卡：本科起，硕士加分,大数据、产业运营、信息化,重点跟踪｜投递前核股权｜价值:A,https://www.inspur.com/,1,官网优先；需在投递或启用监控前复核入口有效性,true
9e2710766509,120,胶州/上合示范区平台,青岛上合控股发展集团有限公司,青岛上合控股发展集团有限公司,区域核心平台城投,胶州市,P0 必看,P0,C 相对友好,弱卡：技能/经验优先,基础设施、片区开发、招商运营、风控、综合管理,优先投递｜投递前核股权｜价值:S,"https://www.cls.cn/detail/2198494
https://static.sse.com.cn/bond/bridge2/disclosure/announcement/c/202403/039529_20240306_P5VP.pdf",2,官网优先；需在投递或启用监控前复核入口有效性,true
205a5b075d00,121,胶州/上合示范区平台,上合建发产业投资发展（青岛）有限公司,上合建发产业投资发展青岛有限公司,产业投资平台,胶州市,P2 可投/跟踪,P2,C 相对友好,弱卡：技能/经验优先,产业投资、招商运营、风控、综合管理,可投/跟踪｜投递前核股权｜价值:B,https://www.lhratings.com/reports/B010587-P66709-2022-GZ2024.pdf,1,官网优先；需在投递或启用监控前复核入口有效性,false
233bf00fda74,122,胶州/上合示范区平台,山东胶东航空城投资有限公司,山东胶东航空城投资有限公司,航空城投资平台,胶州市,P2 可投/跟踪,P2,C 相对友好,弱卡：技能/经验优先,航空城开发、项目管理、招商、综合管理,可投/跟踪｜投递前核股权｜价值:B,https://www.lhratings.com/reports/B010587-P66709-2022-GZ2024.pdf,1,官网优先；需在投递或启用监控前复核入口有效性,false
2fa2a84323e8,123,胶州/上合示范区平台,青岛少海发展集团有限公司,青岛少海发展集团有限公司,区域开发平台,胶州市,P2 可投/跟踪,P2,C 相对友好,弱卡：技能/经验优先,区域开发、项目管理、综合管理,可投/跟踪｜投递前核股权｜价值:B,https://www.lhratings.com/reports/B010587-P66709-2022-GZ2024.pdf,1,官网优先；需在投递或启用监控前复核入口有效性,false
083bd4f39f09,124,胶州/上合示范区平台,青岛胶州城市发展投资有限公司,青岛胶州城市发展投资有限公司,城投平台,胶州市,P2 可投/跟踪,P2,C 相对友好,弱卡：技能/经验优先,城市开发、项目管理、融资、综合管理,可投/跟踪｜投递前核股权｜价值:A,"https://static.sse.com.cn/disclosure/bond/announcement/corporate/c/new/2025-06-24/152937_20250624_0FZI.pdf
https://www.eoffcn.com/kszx/detail/1206457.html",2,官网优先；需在投递或启用监控前复核入口有效性,false
2f571dc3e76f,125,胶州/上合示范区平台,青岛胶州湾发展集团有限公司,青岛胶州湾发展集团有限公司,区属城投/发展集团,胶州市,P2 可投/跟踪,P2,C 相对友好,弱卡：技能/经验优先,基础设施、土地开发、园区运营、综合管理,可投/跟踪｜投递前核股权｜价值:A,https://www.lhratings.com/reports/B010587-P66709-2022-GZ2024.pdf,1,官网优先；需在投递或启用监控前复核入口有效性,false
c10f6bc1389c,126,胶州/上合示范区平台,青岛上合国大产业控股有限公司,青岛上合国大产业控股有限公司,产业控股公司,胶州市,P3 低优先,P3,C 相对友好,弱卡：技能/经验优先,产业投资、项目管理、综合管理,低频查看｜投递前核股权｜价值:B,https://m.thepaper.cn/newsDetail_forward_33315200,1,官网优先；需在投递或启用监控前复核入口有效性,false
e0789df6d3b1,127,胶州/上合示范区平台,青岛上控国大投资运营有限公司,青岛上控国大投资运营有限公司,投资运营公司,胶州市,P3 低优先,P3,C 相对友好,弱卡：技能/经验优先,投资运营、园区管理、综合管理,低频查看｜投递前核股权｜价值:C,https://www.sd.chinanews.com.cn/2/2025/0806/95551.html,1,官网优先；需在投递或启用监控前复核入口有效性,false
6bfd006c0967,128,西海岸新区,青岛西海岸新区区属国有企业公开招聘平台,青岛西海岸新区区属国有企业公开招聘平台,招聘信息源,西海岸新区,P0 必看,P0,C 相对友好,弱卡：技能/经验优先,信息源监控,优先投递｜价值:S,https://qzpta39.chinasyks.org.cn/cn_xha/xha.html,1,官网优先；需在投递或启用监控前复核入口有效性,true
8e37ea75d2f6,129,西海岸新区,青岛西海岸新区科技创新投资有限公司,青岛西海岸新区科技创新投资有限公司,科创投资平台,西海岸新区,P2 可投/跟踪,P2,C 相对友好,强卡：硕士/双一流倾向,科创投资、产业运营、风控、综合管理,可投/跟踪｜投递前核股权｜价值:B,"https://www.cnqxhk.com/
https://qzpta39.chinasyks.org.cn/cn_xha/xha.html",2,官网优先；需在投递或启用监控前复核入口有效性,false
9a21ec6ab961,130,西海岸新区,青岛市黄岛区人力资源有限公司,青岛市黄岛区人力资源有限公司,区属人力资源服务公司,黄岛区,P1 优先,P1,B 中等,弱中卡：本科起，专业匹配,人力资源服务、招聘服务、信息化、政企服务,新增｜重点跟踪｜价值:A,https://www.bianzhia.com/zt/gqqingdao/,1,官网优先；需在投递或启用监控前复核入口有效性,true
a8f8d35f470e,131,西海岸新区,青岛新泊控股集团有限公司,青岛新泊控股集团有限公司,西海岸新区国有平台/董家口相关,西海岸新区,P1 优先,P1,B 中等,弱中卡：本科起，专业匹配,港区园区运营、产业投资、信息化、综合管理,新增｜重点跟踪｜价值:A,https://www.bianzhia.com/zt/gqqingdao/index_2.html,1,官网优先；需在投递或启用监控前复核入口有效性,true
d745f52f5b26,132,青岛农商银行,青岛农村商业银行股份有限公司,青岛农村商业银行股份有限公司,法人银行/上市银行,青岛,P0 必看,P0,S 极难,强卡：硕士/双一流倾向,信息科技、风险合规、普惠金融、运营管理,优先投递｜投递前核股权｜价值:S,"https://www.qrcb.com.cn/eportal/ui
https://www.sdnxs.com/sdnxs/374292/374295/374299/index.html",2,官网优先；需在投递或启用监控前复核入口有效性,true
85ab199259c8,133,青岛华通集团/数据集团,海信视像科技股份有限公司,海信视像科技股份有限公司,上市公司,青岛,P0 必看,P0,A 较难,中卡：本科起，硕士加分,信息化、安全、数据、研发、职能,优先投递｜价值:S,"https://m.cls.cn/detail/505950
https://www.dailyqd.com/finance/2021-01/10/content_533884.htm",2,官网优先；需在投递或启用监控前复核入口有效性,true
236fd14ba3a3,134,青岛华通集团/数据集团,海信集团有限公司,海信集团有限公司,国资管理/产业集团,青岛,P0 必看,P0,A 较难,中卡：本科起，硕士加分,制造业信息化、数字化、研发管理、职能、供应链,优先投递｜投递前核股权｜价值:S,"https://m.cls.cn/detail/505950
https://www.dailyqd.com/finance/2021-01/10/content_533884.htm",2,官网优先；需在投递或启用监控前复核入口有效性,true
31cfff124892,135,青岛华通集团/数据集团,青岛华通国有资本投资运营集团有限公司,青岛华通国有资本投资运营集团有限公司,集团,青岛,P0 必看,P0,A 较难,中卡：本科起，硕士加分,数据治理、风控、综合管理、信息化、安全合规,优先投递｜投递前核股权｜价值:S,https://www.qdhuatong.com/,1,官网优先；需在投递或启用监控前复核入口有效性,true
c37d66b37832,136,青岛华通集团/数据集团,青岛城市大数据运营有限公司,青岛城市大数据运营有限公司,城市数据运营公司,青岛,P0 必看,P0,A 较难,中卡：本科起，硕士加分,城市数据运营、政务平台、数据治理、信息系统建设；关键词：大数据运营、政务平台、数据治理、实施工程师,优先投递｜投递前核股权｜价值:S,https://www.yunzhirencai.com/wap/c_article-a_show-id_9249.html,1,官网优先；需在投递或启用监控前复核入口有效性,true
17d5695b7914,137,青岛华通集团/数据集团,青岛数据集团有限公司,青岛数据集团有限公司,市属数据平台企业,崂山区/青岛,P0 必看,P0,A 较难,中卡：本科起，硕士加分,数据运营、数据交易、公共数据平台、政务大模型、数据安全；关键词：数据治理、数据安全、平台运营、方案架构、政务大模型,优先投递｜投递前核股权｜价值:S,"https://tradeinservices.mofcom.gov.cn/article/gjszck/gjyq/202502/172785.html
https://www.liepin.com/company/13463147/",2,官网优先；需在投递或启用监控前复核入口有效性,true
175e40a5fa0b,138,青岛华通集团/数据集团,青岛数据集团相关主体,青岛数据集团相关主体,数据平台线索,青岛,P0 必看,P0,A 较难,中卡：本科起，硕士加分,数据治理、信息化、安全合规、平台运营,优先投递｜投递前核股权｜价值:S,https://www.qdhuatong.com/,1,官网优先；需在投递或启用监控前复核入口有效性,true
d854b6e862b9,139,青岛华通集团/数据集团,海信家电集团股份有限公司,海信家电集团股份有限公司,上市公司,青岛,P1 优先,P1,A 较难,中卡：本科起，硕士加分,制造业信息化、供应链、数据、职能,重点跟踪｜价值:A,"https://m.cls.cn/detail/505950
https://www.dailyqd.com/finance/2021-01/10/content_533884.htm",2,官网优先；需在投递或启用监控前复核入口有效性,true
e8b62c6301d6,140,青岛华通集团/数据集团,青岛华通图新信息科技有限公司,青岛华通图新信息科技有限公司,信息科技公司,青岛,P1 优先,P1,A 较难,中卡：本科起，硕士加分,GIS、位置数据、信息系统、数据产品；关键词：信息技术、GIS、数据产品、开发、项目实施,重点跟踪｜投递前核股权｜价值:A,https://m.zhipin.com/companys/c9ca36a7dbb472611HJ62d24GFs~.html,1,官网优先；需在投递或启用监控前复核入口有效性,true
10e4d4d43889,141,青岛华通集团/数据集团,青岛华通智能科技研究院有限公司,青岛华通智能科技研究院有限公司,数据集团前身/科技平台,青岛,P1 优先,P1,A 较难,强卡：硕士/双一流倾向,数据资产、数据流通、政务数字化、AI大模型；关键词：数据资产、数据治理、AI大模型、数字城市,重点跟踪｜投递前核股权｜价值:A,"https://www.jining.gov.cn/art/2023/9/27/art_106014_2854309.html
https://www.gaoxiaojob.com/announcement/detail/385998.html",2,官网优先；需在投递或启用监控前复核入口有效性,true
329f9faa1db4,142,青岛华通集团/数据集团,青岛征信服务有限公司,青岛征信服务有限公司,征信/金融科技公司,崂山区,P1 优先,P1,A 较难,强卡：硕士/双一流倾向,信用大数据、政务信息化、软件平台、数据安全；关键词：征信、信用大数据、软件平台、数据安全、等保,重点跟踪｜价值:A,"https://qdzixun.com/credit/
https://vote1.qingdaonews.com/branch/news/202207/2022city/pcDetail.php?uid=1069",2,官网优先；需在投递或启用监控前复核入口有效性,true
ca70cbfb9dfe,143,青岛华通集团/数据集团,青岛金企通信息服务有限公司,青岛金企通信息服务有限公司,金融服务平台运营公司/待核；金融服务信息平台运营公司,青岛；崂山区,P1 优先,P1,A 较难,强卡：硕士/双一流倾向,平台运营、数据治理、产品运营、信息化；金融服务平台、征信数据、数据安全、平台运营；关键词：平台运营、数据治理、产品运营、信息化；金融科技、数据安全、平台运营、产品运营、征信数据,重点跟踪｜投递前核股权｜价值:A,"https://www.qdjqt.com/jinrongjigou.html
https://www.qdjqt.com/connectUs.html",2,官网优先；需在投递或启用监控前复核入口有效性,true
a70c74649f78,144,青岛华通集团/数据集团,青岛华通创业投资有限责任公司,青岛华通创业投资有限责任公司,华通创投平台,青岛,P1 优先,P1,A 较难,强卡：硕士/双一流倾向,产业投资、项目管理、数据产业、金融科技、综合管理,新增｜重点跟踪｜价值:A,"https://www.yingjiesheng.com/job-007-900-987.html
https://www.bianzhia.com/zt/gqqingdao/index_2.html",2,官网优先；需在投递或启用监控前复核入口有效性,true
154836b66b6e,145,青岛华通集团/数据集团,青岛华通资产管理有限责任公司,青岛华通资产管理有限责任公司,华通资产运营/管理平台,青岛,P1 优先,P1,A 较难,中卡：本科起，硕士加分,资产管理、投资运营、信息化、风控合规,新增｜重点跟踪｜价值:A,https://www.bianzhia.com/zt/gqqingdao/,1,官网优先；需在投递或启用监控前复核入口有效性,true
efed82af5b17,146,青岛华通集团/数据集团,青岛华通金创控股集团有限公司,青岛华通金创控股集团有限公司,华通金融投资平台,青岛,P0 必看,P0,A 较难,强卡：硕士/双一流倾向,金融科技、产业投资、风控合规、信息化、数据分析,新增｜优先跟踪｜价值:S,"https://www.zggwy.com/zhaokao/592755.html
https://www.yingjiesheng.com/job-007-900-987.html",2,官网优先；需在投递或启用监控前复核入口有效性,true
32c7065112d9,147,青岛华通集团/数据集团,青岛华通智创电子科技有限公司,青岛华通智创电子科技有限公司,军民融合/工业电子科技公司,高新区,P1 优先,P1,A 较难,中卡：本科起，硕士加分,工业智能控制、电子系统、嵌入式、信息化、网络安全,新增｜重点跟踪｜价值:A,https://www.gaoxiaojob.com/company/detail/3504.html,1,官网优先；需在投递或启用监控前复核入口有效性,true
e5905424035b,148,青岛华通集团/数据集团,青岛食品股份有限公司,青岛食品股份有限公司,食品制造上市公司/华通参股控制线索,青岛,P2 可投/跟踪,P2,A 较难,中卡：本科起，硕士加分,智能制造、信息化、数据运营、综合管理,新增｜跟踪招聘｜价值:A,https://www.bianzhia.com/zt/gqqingdao/index_2.html,1,官网优先；需在投递或启用监控前复核入口有效性,false
1dd334a609a5,149,青岛华通集团/数据集团,青岛数据资产登记评价中心有限公司,青岛数据资产登记评价中心有限公司,数据要素/数据资产登记评价平台,青岛,P0 必看,P0,A 较难,中卡：本科起，硕士加分,数据资产、数据治理、数据安全、合规、平台运营,新增｜优先投递｜价值:S,"https://www.qdcaee.com/
https://www.bianzhia.com/zt/gqqingdao/",2,官网优先；需在投递或启用监控前复核入口有效性,true
6cb58e8b6078,150,青岛华通集团/数据集团,数字青岛建设有限公司,数字青岛建设有限公司,数字城市/政务数字化平台,青岛,P0 必看,P0,A 较难,中卡：本科起，硕士加分,智慧城市、政务数字化、数据平台、网络安全、运维开发,新增｜优先投递｜价值:S,https://www.bianzhia.com/zt/gqqingdao/index_2.html,1,官网优先；需在投递或启用监控前复核入口有效性,true
32b41ef833cb,151,青岛国信集团,国信金融/国信科技/国信体育/国信置业/海天中心等板块,国信金融国信科技国信体育国信置业海天中心等板块,板块主体线索,青岛,P0 必看,P0,A 较难,中卡：本科起，硕士加分,风控、信息化、运营、综合管理,优先投递｜投递前核股权｜价值:S,https://www.qdgxjt.com/,1,官网优先；需在投递或启用监控前复核入口有效性,true
61e1af98df31,152,青岛国信集团,青岛国信发展（集团）有限责任公司,青岛国信发展集团有限责任公司,集团,青岛,P0 必看,P0,A 较难,中卡：本科起，硕士加分,综合管理、风控、信息化、数据治理、市场运营,优先投递｜投递前核股权｜价值:S,https://www.qdgxjt.com/,1,官网优先；需在投递或启用监控前复核入口有效性,true
96e4d13190ab,153,青岛国信集团,青岛国信金融控股有限公司,青岛国信金融控股有限公司,金融控股/平台公司,青岛,P1 优先,P1,A 较难,中卡：本科起，硕士加分,金融服务、平台运营、风控、信息化,重点跟踪｜投递前核股权｜价值:A,"https://www.qdjqt.com/jinrongjigou.html
https://www.qdgxjr.com/",2,官网优先；需在投递或启用监控前复核入口有效性,true
aec91961265c,154,青岛国信集团,青岛海洋发展集团有限公司,青岛海洋发展集团有限公司,国信集团整合内部海洋板块组建的海洋产业投资发展平台,青岛,P1 优先,P1,A 较难,中卡：本科起，硕士加分,海洋产业平台、海洋科技创新、数据平台、项目管理、产业运营、信息化,新增｜重点跟踪｜投递前核股权｜价值:A,https://m.dzplus.dzng.com/share/general/0/NEWS1951836OPBPHOHRXIDXE,1,官网优先；需在投递或启用监控前复核入口有效性,true
14d7bbe26eb7,155,青岛国信集团,国信证券股份有限公司青岛分公司,国信证券股份有限公司青岛分公司,证券分公司,青岛,P3 低优先,P3,S 极难,强卡：硕士/双一流倾向,投行、财富管理、合规、综合管理,低频查看｜价值:B,"https://www.guosen.com.cn/
https://www.csrc.gov.cn/qingdao/c104024/c7635812/content.shtml",2,官网优先；需在投递或启用监控前复核入口有效性,false
6f88f224a754,156,青岛国信集团,青岛国信小额贷款有限公司,青岛国信小额贷款有限公司,小额贷款公司,青岛,P3 低优先,P3,A 较难,中卡：本科起，专业/经历匹配,普惠金融、风控、业务运营,低频查看｜价值:B,"https://www.qdjqt.com/jinrongjigou.html
https://www.qdgxjr.com/",2,官网优先；需在投递或启用监控前复核入口有效性,false
8322ad4adf92,157,青岛国信集团,青岛国信智慧城市运营有限公司,青岛国信智慧城市运营有限公司,智慧城市运营平台,青岛,P0 必看,P0,A 较难,中卡：本科起，硕士加分,智慧城市、城市治理平台、数据运营、网络安全、系统运维,新增｜优先投递｜价值:S,"https://m.zhaopin.com/company/CZ309907530.htm
https://www.bianzhia.com/zt/gqqingdao/",2,官网优先；需在投递或启用监控前复核入口有效性,true
a169cf6f8bdd,158,青岛国信集团,青岛国信城市信息科技有限公司,青岛国信城市信息科技有限公司,智慧城市/城市信息科技公司,青岛,P0 必看,P0,A 较难,中卡：本科起，硕士加分,城市信息平台、软件开发、系统运维、网络安全、数据治理,新增｜优先投递｜价值:S,https://www.gxbjqd.com/joinus,1,官网优先；需在投递或启用监控前复核入口有效性,true
7e48dd62e24c,159,青岛国信集团,青岛国信会展酒店发展有限公司,青岛国信会展酒店发展有限公司,会展酒店运营平台,青岛,P2 可投/跟踪,P2,A 较难,中卡：本科起，硕士加分,会展酒店IT、数字运营、综合管理,新增｜跟踪招聘｜价值:B,https://www.bianzhia.com/zt/gqqingdao/,1,官网优先；需在投递或启用监控前复核入口有效性,false
26c26f47d1a1,160,青岛国信集团,青岛国信蓝色硅谷发展有限责任公司,青岛国信蓝色硅谷发展有限责任公司,蓝色硅谷/园区运营平台,即墨/蓝谷,P1 优先,P1,A 较难,中卡：本科起，硕士加分,园区运营、海洋产业、信息化、招商运营,新增｜重点跟踪｜价值:A,https://www.bianzhia.com/zt/gqqingdao/,1,官网优先；需在投递或启用监控前复核入口有效性,true
c83b4f4138b7,161,青岛国际机场集团,青岛国际机场集团有限公司,青岛国际机场集团有限公司,集团,青岛胶东机场,P0 必看,P0,A 较难,中卡：本科起，硕士加分,信息化、网络安全、运行保障、安全管理、综合岗,优先投递｜投递前核股权｜价值:S,https://www.qdairport.com/,1,官网优先；需在投递或启用监控前复核入口有效性,true
0243cc1b97d8,162,青岛国际机场集团,中航油青岛国际机场航空油料有限责任公司,中航油青岛国际机场航空油料有限责任公司,机场能源运营公司,青岛胶东机场,P3 低优先,P3,C 相对友好,弱卡：技能/经验优先,综合管理、安全管理、机场能源运营,低频查看｜价值:B,https://www.cnaf.com/,1,官网优先；需在投递或启用监控前复核入口有效性,false
f37754980339,163,青岛地铁集团,青岛地铁集团有限公司,青岛地铁集团有限公司,集团,青岛,P0 必看,P0,A 较难,中卡：本科起，硕士加分,信息化、网络安全、运营管理、安全管理、综合岗,优先投递｜投递前核股权｜价值:S,https://www.qd-metro.com/,1,官网优先；需在投递或启用监控前复核入口有效性,true
0bfb56ae5abf,164,青岛地铁集团,青岛城市轨道交通科技有限公司,青岛城市轨道交通科技有限公司,地铁集团全资科技子公司,青岛,P0 必看,P0,A 较难,中卡：本科起，硕士加分,智慧城轨、系统解决方案、项目交付、软件/硬件；关键词：智慧城轨、软件、系统集成、ITSS、CMMI、项目交付,优先投递｜价值:S,"https://campus.niuqizp.com/job-vrU5ZLCMt.html
https://www.qd-metro.com/recruit.php",2,官网优先；需在投递或启用监控前复核入口有效性,true
3641f78a66e4,165,青岛地铁集团,青岛毕方数据科技有限公司,青岛毕方数据科技有限公司,青岛地铁运营全资子公司,青岛,P0 必看,P0,A 较难,中卡：本科起，硕士加分,高质量数据集、智慧城轨、人工智能、数据平台；关键词：数据集、AI、数据治理、算法、平台产品,优先投递｜价值:S,"https://www.qd-metro.com/informationInfo.php?id=10774
https://www.qd-metro.com/recruit.php",2,官网优先；需在投递或启用监控前复核入口有效性,true
7651f942c6b0,166,青岛地铁集团,地铁运营/TOD/资源开发/信息化相关主体,地铁运营TOD资源开发信息化相关主体,板块主体线索,青岛,P1 优先,P1,A 较难,中卡：本科起，硕士加分,运营管理、信息化、综合管理,重点跟踪｜投递前核股权｜价值:A,https://www.qd-metro.com/,1,官网优先；需在投递或启用监控前复核入口有效性,true
37781b61378a,167,青岛城投集团,青岛城市建设投资（集团）有限责任公司,青岛城市建设投资集团有限责任公司,集团,青岛,P0 必看,P0,A 较难,中卡：本科起，硕士加分,综合管理、招采、项目管理、信息化、风控,优先投递｜投递前核股权｜价值:S,https://www.qdcig.com/,1,官网优先；需在投递或启用监控前复核入口有效性,true
0dcdce48ca7f,168,青岛城投集团,双星集团有限责任公司,双星集团有限责任公司,混改国有控股集团,青岛,P1 优先,P1,A 较难,中卡：本科起，硕士加分,制造业信息化、供应链、综合管理、项目管理,重点跟踪｜投递前核股权｜价值:A,"https://www.jiemian.com/article/4284111.html
https://cn.chinadaily.com.cn/a/202006/29/WS5ef9b61ea310a859d09d4d19.html",2,官网优先；需在投递或启用监控前复核入口有效性,true
7253c69c64c6,169,青岛城投集团,城投能源/城投地产/基础设施建设等主体线索,城投能源城投地产基础设施建设等主体线索,板块主体线索,青岛,P1 优先,P1,A 较难,中卡：本科起，硕士加分,项目管理、招采、综合管理、信息化,重点跟踪｜投递前核股权｜价值:A,https://www.qdcig.com/,1,官网优先；需在投递或启用监控前复核入口有效性,true
a8c3faf7e52b,170,青岛城投集团,青岛双星股份有限公司,青岛双星股份有限公司,上市公司,青岛,P1 优先,P1,A 较难,中卡：本科起，硕士加分,制造业信息化、供应链、运营、职能,重点跟踪｜价值:A,"https://www.jiemian.com/article/4284111.html
https://cn.chinadaily.com.cn/a/202006/29/WS5ef9b61ea310a859d09d4d19.html",2,官网优先；需在投递或启用监控前复核入口有效性,true
af9c1a2ed019,171,青岛城投集团,青岛城投数字科技发展有限公司,青岛城投数字科技发展有限公司,城投集团直属数字科技公司,青岛,P1 优先,P1,A 较难,中卡：本科起，硕士加分,集团数字化、智慧城市、系统集成、数据平台、网络与安全运维；关键词：实施专员、售前经理、解决方案、产品经理、全栈工程师、网络、Linux、数据库,重点跟踪｜价值:S,"https://www.seeyon.com/News/desc/id/6262.html
https://www.gaoxiaojob.com/announcement/detail/147761.html",2,官网优先；需在投递或启用监控前复核入口有效性,true
8a34ac46e6d2,172,青岛城投集团,平度市城市建设投资开发有限公司,平度市城市建设投资开发有限公司,城投平台/待核,平度市,P2 可投/跟踪,P2,A 较难,中卡：本科起，专业/经历匹配,项目管理、招采、综合管理,可投/跟踪｜投递前核股权｜价值:B,"https://ggzy.qingdao.gov.cn/TradeDetals-ZtbShow/159222-5070-1-2-0/0da35695-c8b3-410b-b810-3a9f6dd1e084
https://fenbi.com/page/fenxiaozhaokaodetail/4/0/465104203697152",2,官网优先；需在投递或启用监控前复核入口有效性,false
e312d1319ba0,173,青岛城投集团,青岛交通发展集团有限公司,青岛交通发展集团有限公司,城投集团下属交通建设投融资与高速公路运营平台,崂山区/青岛,P2 可投/跟踪,P2,A 较难,中卡：本科起，硕士加分,交通基础设施投融资、运营养护、智慧交通、信息化、应急管理、综合管理,新增遗漏主体｜跟踪招聘｜价值:B,"https://www.qdct.cn/content/business_details23_595.html
https://www.gaoxiaojob.com/announcement/detail/329803.html",2,官网优先；需在投递或启用监控前复核入口有效性,false
47c767c9bd63,174,青岛城投集团,青岛白沙河投资开发集团有限公司,青岛白沙河投资开发集团有限公司,投资开发集团,城阳区,P3 低优先,P3,A 较难,中卡：本科起，专业/经历匹配,片区开发、项目管理、综合管理、运营,低频查看｜投递前核股权｜价值:B,https://m.qcc.com/firm/bca37f371684db6b3cd397b0f53e40f8.html,1,官网优先；需在投递或启用监控前复核入口有效性,false
169b84d5e121,175,青岛城投集团,青岛官路水库开发建设有限公司,青岛官路水库开发建设有限公司,城投直属/重大基础设施平台,青岛/胶州,P2 可投/跟踪,P2,A 较难,中卡：本科起，硕士加分,工程信息化、项目管理、智慧水务、运维安全,新增｜跟踪招聘｜价值:A,https://www.qdct.cn/,1,官网优先；需在投递或启用监控前复核入口有效性,false
98d383fe696b,176,青岛城投集团,青岛城投城金控股集团有限公司,青岛城投城金控股集团有限公司,金融控股平台（原城投金控）,青岛,P0 必看,P0,A 较难,强卡：硕士/双一流倾向,金融科技、投资管理、风控合规、信息化、安全运营,新增｜优先跟踪｜价值:S,https://www.qdct.cn/,1,官网优先；需在投递或启用监控前复核入口有效性,true
74cd23b18a01,177,青岛城投集团,青岛航空股份有限公司,青岛航空股份有限公司,城投直属/航空公司,青岛,P1 优先,P1,A 较难,中卡：本科起，硕士加分,航司IT、运行控制、数据分析、网络安全、综合管理,新增｜重点跟踪｜价值:A,"https://www.qdct.cn/
https://www.qdairlines.com/",2,官网优先；需在投递或启用监控前复核入口有效性,true
e625e51f550b,178,青岛城投集团,青岛双星轮胎工业有限公司,青岛双星轮胎工业有限公司,双星/轮胎制造业务公司,青岛,P2 可投/跟踪,P2,A 较难,中卡：本科起，硕士加分,智能制造、工业信息化、设备运维、网络安全,新增｜跟踪招聘｜价值:A,https://www.qdct.cn/,1,官网优先；需在投递或启用监控前复核入口有效性,false
40e72ae7e1f1,179,青岛城运集团,青岛城运控股集团有限公司,青岛城运控股集团有限公司,集团,青岛,P0 必看,P0,A 较难,中卡：本科起，硕士加分,信息化、网络管理、运营管理、综合管理,优先投递｜投递前核股权｜价值:S,https://www.qdcykg.com/,1,官网优先；需在投递或启用监控前复核入口有效性,true
07dfe1095e48,180,青岛城运集团,公交/客运/物流/出行平台等主体线索,公交客运物流出行平台等主体线索,板块主体线索,青岛,P1 优先,P1,B 中等,弱中卡：本科起，专业匹配,运营管理、信息化、综合管理,重点跟踪｜投递前核股权｜价值:A,https://www.qdcykg.com/,1,官网优先；需在投递或启用监控前复核入口有效性,true
4c7dbbca291a,181,青岛水务集团,青岛水务集团有限公司,青岛水务集团有限公司,集团,青岛,P0 必看,P0,A 较难,中卡：本科起，硕士加分,信息化、运营管理、安全管理、综合管理,优先投递｜投递前核股权｜价值:S,https://www.qdwater.com.cn/,1,官网优先；需在投递或启用监控前复核入口有效性,true
49ccc8a708d6,182,青岛水务集团,供水/排水/污水/源水/固废处置主体线索,供水排水污水源水固废处置主体线索,板块主体线索,青岛,P1 优先,P1,B 中等,弱中卡：本科起，专业匹配,运营管理、信息化、安全管理,重点跟踪｜投递前核股权｜价值:A,https://www.qdwater.com.cn/,1,官网优先；需在投递或启用监控前复核入口有效性,true
d030c9ad6209,183,青岛海发集团/澳柯玛,青岛海发国有资本投资运营集团有限公司,青岛海发国有资本投资运营集团有限公司,集团,西海岸新区,P0 必看,P0,A 较难,中卡：本科起，硕士加分,综合管理、项目管理、招商、风控、信息化,优先投递｜投递前核股权｜价值:S,https://www.gsxt.gov.cn/,1,官网优先；需在投递或启用监控前复核入口有效性,true
dd4c4ecad7db,184,青岛海发集团/澳柯玛,澳柯玛股份有限公司,澳柯玛股份有限公司,上市公司/核心主体；上市公司,青岛,P1 优先,P1,B 中等,弱中卡：本科起，专业匹配,制造业信息化、供应链、运营管理；制造业信息化、供应链、数据、职能,重点跟踪｜投递前核股权｜价值:A,"https://www.aucma.com.cn/
https://sd.sina.cn/city/csts/2021-02-05/detail-ikftssap4118252.d.html?cre=wappage&loc=3&mod=r&r=0&rfunc=4&tj=wap_news_relate&wm=8001_2001",2,官网优先；需在投递或启用监控前复核入口有效性,true
69bfc716406f,185,青岛海发集团/澳柯玛,青岛澳柯玛控股集团有限公司,青岛澳柯玛控股集团有限公司,集团；国资控股集团,青岛,P1 优先,P1,B 中等,弱中卡：本科起，专业匹配,制造业信息化、供应链、综合管理；制造业信息化、供应链、综合管理、冷链业务,重点跟踪｜投递前核股权｜价值:A,"https://www.aucma.com.cn/
https://sd.sina.cn/city/csts/2021-02-05/detail-ikftssap4118252.d.html?cre=wappage&loc=3&mod=r&r=0&rfunc=4&tj=wap_news_relate&wm=8001_2001",2,官网优先；需在投递或启用监控前复核入口有效性,true
c9e7e28ea36d,186,青岛海发集团/澳柯玛,青岛澳西智能科技有限公司,青岛澳西智能科技有限公司,智能机器人/特种装备科技公司,西海岸新区,P0 必看,P0,A 较难,中卡：本科起，硕士加分,机器人、智能制造、软件/嵌入式、信息化、安全运维,新增｜优先投递｜价值:S,"https://www.aucma.com.cn/
https://www.bianzhia.com/zt/gqqingdao/",2,官网优先；需在投递或启用监控前复核入口有效性,true
c9c420a1c3e9,187,青岛海发集团/澳柯玛,青岛海发环保能源投资有限公司,青岛海发环保能源投资有限公司,环保能源平台/海发全资线索,西海岸新区,P1 优先,P1,B 中等,弱中卡：本科起，专业匹配,环保能源、智慧环保、运维管理、信息化,新增｜重点跟踪｜价值:A,https://www.bianzhia.com/zt/gqqingdao/index_2.html,1,官网优先；需在投递或启用监控前复核入口有效性,true
ead9aa603c9d,188,青岛海发集团/澳柯玛,青岛青发国际贸易集团有限公司,青岛青发国际贸易集团有限公司,海发/综保集团国际贸易平台,西海岸新区/综保区,P2 可投/跟踪,P2,C 相对友好,弱卡：技能/经验优先,国际贸易、供应链、数字化运营、综合管理,新增｜跟踪招聘｜价值:B,https://www.bianzhia.com/zt/gqqingdao/index_2.html,1,官网优先；需在投递或启用监控前复核入口有效性,false
d11dd84d61b5,189,青岛海检集团,青岛海检集团有限公司,青岛海检集团有限公司,集团/检测认证；市属国有独资检测集团,青岛；蓝谷/即墨,P0 必看,P0,A 较难,中卡：本科起，硕士加分,检验检测、合规、信息化、综合管理；智慧检测、认证咨询、装备检测、质量技术服务、信息化；关键词：检验检测、合规、信息化、综合管理；智慧检测、认证、信息化、检测平台、数据,优先投递｜投递前核股权｜价值:S,"https://www.chinanmei.com/
https://www.gaoxiaojob.com/announcement/detail/385466.html",2,官网优先；需在投递或启用监控前复核入口有效性,true
b4c06fa43bba,190,青岛能源集团,青岛能源集团有限公司,青岛能源集团有限公司,集团,青岛,P0 必看,P0,A 较难,中卡：本科起，硕士加分,信息化、安全管理、综合管理、客服运营,优先投递｜投递前核股权｜价值:S,https://www.qdenergy.com/,1,官网优先；需在投递或启用监控前复核入口有效性,true
1110eac69dc4,191,青岛能源集团,热力/燃气/能源服务公司线索,热力燃气能源服务公司线索,板块主体线索,青岛,P1 优先,P1,B 中等,弱中卡：本科起，专业匹配,信息化、安全管理、运营管理,重点跟踪｜投递前核股权｜价值:A,https://www.qdenergy.com/,1,官网优先；需在投递或启用监控前复核入口有效性,true
0a92e6050e79,192,青岛西海岸新区融合控股集团,青岛西海岸新区融合控股集团有限公司,青岛西海岸新区融合控股集团有限公司,区属投资运营集团,西海岸新区,P0 必看,P0,B 中等,弱中卡：本科起，专业匹配,综合管理、投资运营、风控、信息化、产业园运营,优先投递｜投递前核股权｜价值:S,"https://rongkong.net/
https://qzpta39.chinasyks.org.cn/cn_xha/xha.html",2,官网优先；需在投递或启用监控前复核入口有效性,true
82b7e45dfcd1,193,青岛西海岸新区融合控股集团,城发投资集团有限公司,城发投资集团有限公司,区属投资运营集团/融合控股子集团,西海岸新区,P1 优先,P1,C 相对友好,弱卡：技能/经验优先,城市更新、投资运营、产业园、项目管理、综合管理,重点跟踪｜投递前核股权｜价值:S,"https://www.chengfagroup.com/html/group_profile/
https://qzpta39.chinasyks.org.cn/cn_xha/xha.html",2,官网优先；需在投递或启用监控前复核入口有效性,true
11f71048a6a4,194,青岛西海岸新区融合控股集团,山东融发舰船修造集团有限公司,山东融发舰船修造集团有限公司,舰船修造子集团,西海岸新区,P1 优先,P1,B 中等,弱中卡：本科起，专业匹配,制造业信息化、装备保障、项目管理、安全管理,重点跟踪｜投递前核股权｜价值:A,"https://qzpta39.chinasyks.org.cn/cn_xha/xha.html
https://m.dzplus.dzng.com/share/general/0/NEWS2322980UYBBVZMETQHBY",2,官网优先；需在投递或启用监控前复核入口有效性,true
bf1fb5041e36,195,青岛西海岸新区融合控股集团,青岛西海岸新区融合控股集团,青岛西海岸新区融合控股集团,区属国企,西海岸新区,P1 优先,P1,B 中等,弱中卡：本科起，专业匹配,综合管理、产业运营、项目管理、信息化,重点跟踪｜投递前核股权｜价值:A,https://www.gsxt.gov.cn/,1,官网优先；需在投递或启用监控前复核入口有效性,true
dc2f06c34fe7,196,青岛西海岸新区融合控股集团,青岛西海岸发展集团有限公司,青岛西海岸发展集团有限公司,开发建设平台,西海岸新区,P2 可投/跟踪,P2,C 相对友好,弱卡：技能/经验优先,园区开发、项目管理、综合管理,可投/跟踪｜投递前核股权｜价值:B,"https://tradeinservices.mofcom.gov.cn/article/lingyu/whmaoyi/202003/101391.html
https://qzpta39.chinasyks.org.cn/cn_xha/xha.html",2,官网优先；需在投递或启用监控前复核入口有效性,false
7e897bb7fc82,197,青岛西海岸新区融合控股集团,山东融发特种装备维保集团有限公司,山东融发特种装备维保集团有限公司,装备维保子集团,西海岸新区,P3 低优先,P3,B 中等,弱中卡：本科起，专业匹配,装备维保、项目管理、综合管理、安全管理,低频查看｜投递前核股权｜价值:B,"https://qzpta39.chinasyks.org.cn/cn_xha/xha.html
https://m.dzplus.dzng.com/share/general/0/NEWS2322980UYBBVZMETQHBY",2,官网优先；需在投递或启用监控前复核入口有效性,false
0337e08081b4,198,青岛财通集团/金融平台,青岛融资担保集团有限公司,青岛融资担保集团有限公司,政府性融资担保集团,青岛,P0 必看,P0,A 较难,中卡：本科起，硕士加分,风控审批、业务经理、法务合规、信息化,优先投递｜投递前核股权｜价值:S,https://www.gaoxiaojob.com/announcement/detail/359062.html,1,官网优先；需在投递或启用监控前复核入口有效性,true
3577cac02a8e,199,青岛财通集团/金融平台,青岛财通集团,青岛财通集团,市直金融类企业；市直金融平台,青岛,P0 必看,P0,A 较难,中卡：本科起，硕士加分,风控、安全管理、运维管理、综合管理；风控、投资、综合管理、信息化、运维管理,优先投递｜投递前核股权｜价值:S,"https://www.juliangcaijing.com/contents/110/1312.html
https://www.iguopin.com/",2,官网优先；需在投递或启用监控前复核入口有效性,true
4b9e3311e586,200,青岛财通集团/金融平台,青岛科创融资担保有限公司/科创担保公司线索,青岛科创融资担保有限公司科创担保公司线索,担保子公司,青岛,P2 可投/跟踪,P2,B 中等,弱中卡：本科起，专业匹配,科创金融、风控审批、业务管理,可投/跟踪｜投递前核股权｜价值:A,https://www.gaoxiaojob.com/announcement/detail/359062.html,1,官网优先；需在投递或启用监控前复核入口有效性,false
82075578e563,201,青岛财通集团/金融平台,青岛融资再担保有限责任公司,青岛融资再担保有限责任公司,再担保公司,青岛,P2 可投/跟踪,P2,B 中等,弱中卡：本科起，专业匹配,风控审批、业务管理、项目尽调,可投/跟踪｜价值:A,https://www.gaoxiaojob.com/announcement/detail/359062.html,1,官网优先；需在投递或启用监控前复核入口有效性,false
1e91f51629a9,202,青岛银行,青岛银行股份有限公司,青岛银行股份有限公司,法人银行/上市银行,青岛,P0 必看,P0,S 极难,强卡：硕士/双一流倾向,金融科技、信息安全、数据治理、运营、风控,优先投递｜投递前核股权｜价值:S,"https://www.qdjqt.com/jinrongjigou.html
https://job.qdu.edu.cn/info/1008/32609.htm",2,官网优先；需在投递或启用监控前复核入口有效性,true
424a00410091,203,青岛银行,青银理财有限责任公司,青银理财有限责任公司,银行理财子公司,青岛,P1 优先,P1,S 极难,强卡：硕士/双一流倾向,资产管理、风控、数据、合规、金融科技,重点跟踪｜价值:A,"https://m.yinhangzhaopin.com/m/193591.htm
https://www.nfra.gov.cn/chinese/docfile/2025/5a38f43d0477432db2fad21d0324c0ec.doc",2,官网优先；需在投递或启用监控前复核入口有效性,true
537e22e29e63,204,青岛银行,青岛青银金融租赁有限公司,青岛青银金融租赁有限公司,金融租赁公司,青岛,P2 可投/跟踪,P2,S 极难,强卡：硕士/双一流倾向,项目经理、尽调、风控、综合管理,可投/跟踪｜投递前核股权｜价值:A,https://jobcareer.sdu.edu.cn/eweb/jygl/index.so?id=VjZZYFgcdrBaFiiPQLF8p9&modcode=jygl_zpxxck&subsyscode=zpfw&type=ssoViewZpxx,1,官网优先；需在投递或启用监控前复核入口有效性,false
20f40a97e7e8,205,青岛高新区投资开发集团,青岛高新区投资开发集团有限公司,青岛高新区投资开发集团有限公司,管委直属/国有控股投资集团,高新区/城阳,P0 必看,P0,A 较难,中卡：本科起，硕士加分,园区运营、科技服务、公用事业、综合管理、信息化,优先投递｜投递前核股权｜价值:S,https://m.liepin.com/company/7989954/,1,官网优先；需在投递或启用监控前复核入口有效性,true
72a280538519,206,中国一汽集团,一汽解放青岛汽车有限公司,一汽解放青岛汽车有限公司,汽车制造子公司,青岛,P1 优先,P1,B 中等,弱中卡：本科起，专业匹配,制造业信息化、车联网、供应链、综合管理,重点跟踪｜投递前核股权｜价值:A,https://www.faw.com.cn/,1,官网优先；需在投递或启用监控前复核入口有效性,true
29172d358b16,207,中国一汽集团,中汽新能（青岛）电池科技有限公司,中汽新能青岛电池科技有限公司,电池科技公司,青岛,P1 优先,P1,B 中等,弱中卡：本科起，专业匹配,新能源电池、项目管理、制造业信息化,重点跟踪｜投递前核股权｜价值:A,https://www.faw.com.cn/,1,官网优先；需在投递或启用监控前复核入口有效性,true
5c998b9e8412,208,中国中铁,中铁建工集团第二建设有限公司,中铁建工集团第二建设有限公司,建筑施工企业,城阳区,P1 优先,P1,B 中等,弱中卡：本科起，专业匹配,工程管理、职能、信息化、招采,重点跟踪｜投递前核股权｜价值:A,https://www.crec.cn/,1,官网优先；需在投递或启用监控前复核入口有效性,true
676dc0ca5932,209,中国中铁,中铁十局青岛公司,中铁十局青岛公司,分公司/区域公司,青岛,P3 低优先,P3,C 相对友好,弱卡：技能/经验优先,工程管理、综合管理,低频查看｜投递前核股权｜价值:B,https://www.crec.cn/,1,官网优先；需在投递或启用监控前复核入口有效性,false
d8bf7f60f0db,210,中国中铁,中铁置业山东公司,中铁置业山东公司,地产/投资主体,青岛，待核,P3 低优先,P3,C 相对友好,弱卡：技能/经验优先,综合管理、项目运营,低频查看｜投递前核股权｜价值:B,https://www.crec.cn/,1,官网优先；需在投递或启用监控前复核入口有效性,false
de201479fe62,211,中国交建,中交一航局第二工程有限公司,中交一航局第二工程有限公司,港航工程公司,市北区,P1 优先,P1,A 较难,中卡：本科起，硕士加分,港航工程、项目管理、综合管理、信息化,重点跟踪｜投递前核股权｜价值:A,https://www.ccccltd.cn/,1,官网优先；需在投递或启用监控前复核入口有效性,true
ab7e1d3f7de4,212,中国交建,中交青岛投资建设有限公司,中交青岛投资建设有限公司,投资建设公司,青岛,P2 可投/跟踪,P2,A 较难,中卡：本科起，专业/经历匹配,项目管理、综合管理、招商、风控,可投/跟踪｜投递前核股权｜价值:A,https://www.ccccltd.cn/,1,官网优先；需在投递或启用监控前复核入口有效性,false
d37c1458b7e0,213,中国人保集团,中国人民财产保险股份有限公司青岛市分公司,中国人民财产保险股份有限公司青岛市分公司,财险分公司,青岛,P1 优先,P1,B 中等,弱中卡：本科起，专业匹配,风控服务、精算、信息化、运营、综合管理,重点跟踪｜价值:A,"https://picc.zhiye.com/
https://www.iguopin.com/company?id=10685321972671444",2,官网优先；需在投递或启用监控前复核入口有效性,true
19b4ac35cb96,214,中国人保集团,中国人民人寿保险股份有限公司青岛分公司,中国人民人寿保险股份有限公司青岛分公司,寿险分公司,青岛,P3 低优先,P3,C 相对友好,弱卡：技能/经验优先,运营、合规、综合管理、客户服务,低频查看｜价值:B,"https://www.qdjqt.com/jinrongjigou.html
https://picc.zhiye.com/",2,官网优先；需在投递或启用监控前复核入口有效性,false
77a409b13dd1,215,中国信保,中国出口信用保险公司山东分公司,中国出口信用保险公司山东分公司,政策性保险分公司,青岛,P1 优先,P1,A 较难,中卡：本科起，专业/经历匹配,客户经理、国贸金融、风险评估、合规,重点跟踪｜价值:S,"https://sd.sinosure.com.cn/
https://www.sinosure.com.cn/rczp/zpjh/default.shtml",2,官网优先；需在投递或启用监控前复核入口有效性,true
71e38accfc96,216,中国广电/山东广电网络,中国广电山东网络有限公司,中国广电山东网络有限公司,省属文化国企/中国广电控股子公司,山东/青岛相关,P1 优先,P1,B 中等,弱中卡：本科起，专业匹配,广电5G、网络运维、政企数字化、信息化、客服运营,重点跟踪｜投递前核股权｜价值:A,"https://jy.qdbhu.edu.cn/info/1803/10991.htm
https://m.sdgdwljt.com/tzgglist/index.html",2,官网优先；需在投递或启用监控前复核入口有效性,true
9fbf857e3840,217,中国广电/山东广电网络,中国广电山东网络有限公司青岛市分公司,中国广电山东网络有限公司青岛市分公司,市级分公司,青岛,P1 优先,P1,B 中等,弱中卡：本科起，专业匹配,网络运维、广电5G、政企数字化、平台运营,重点跟踪｜价值:A,"https://m.jn.bendibao.com/job/81920.shtm
https://m.sdgdwljt.com/tzgglist/index.html",2,官网优先；需在投递或启用监控前复核入口有效性,true
2f3ee5a7304d,218,中国广电/山东广电网络,中国广电山东网络有限公司青岛各区市分公司体系,中国广电山东网络有限公司青岛各区市分公司体系,县区分公司线索,青岛各区市,P2 可投/跟踪,P2,C 相对友好,弱卡：技能/经验优先,片区维护、营业客服、政企数字化、网络运维,可投/跟踪｜价值:B,"https://m.jn.bendibao.com/job/81920.shtm
https://m.sdgdwljt.com/tzgglist/index.html",2,官网优先；需在投递或启用监控前复核入口有效性,false
a39b46f57278,219,中国建筑集团,中建八局发展建设有限公司,中建八局发展建设有限公司,建筑央企区域公司,西海岸新区,P1 优先,P1,A 较难,中卡：本科起，硕士加分,信息化、招采、项目管理、综合管理,重点跟踪｜投递前核股权｜价值:A,https://www.cscec.com/,1,官网优先；需在投递或启用监控前复核入口有效性,true
ed1734cdc025,220,中国能建,中国能建西北院青岛分公司,中国能建西北院青岛分公司,分公司/设计院,青岛,P1 优先,P1,B 中等,弱中卡：本科起，专业匹配,能源工程、设计咨询、项目管理、信息化,重点跟踪｜投递前核股权｜价值:A,https://www.ceec.net.cn/,1,官网优先；需在投递或启用监控前复核入口有效性,true
900ca193dcff,221,中国航空工业集团,中航工业青岛云路新能源科技有限公司/青岛云路相关,中航工业青岛云路新能源科技有限公司青岛云路相关,新材料/制造业,即墨区,P1 优先,P1,B 中等,弱中卡：本科起，专业匹配,新材料、制造业信息化、综合管理,重点跟踪｜投递前核股权｜价值:A,https://www.avic.com/,1,官网优先；需在投递或启用监控前复核入口有效性,true
263b7592ee35,222,中国航空工业集团,中航工业青岛科技园,中航工业青岛科技园,科技园/孵化器,市北区,P2 可投/跟踪,P2,C 相对友好,弱卡：技能/经验优先,产业园运营、综合管理、技术服务,可投/跟踪｜投递前核股权｜价值:B,https://www.avic.com/,1,官网优先；需在投递或启用监控前复核入口有效性,false
db2664ec1402,223,中国航空工业集团,沈阳兴华航空电器有限责任公司青岛研发中心,沈阳兴华航空电器有限责任公司青岛研发中心,研发中心,西海岸新区,P3 低优先,P3,C 相对友好,弱卡：技能/经验优先,研发、综合管理、项目管理,低频查看｜投递前核股权｜价值:B,https://www.avic.com/,1,官网优先；需在投递或启用监控前复核入口有效性,false
5e6a00a3a965,224,中海油,海洋石油工程（青岛）有限公司,海洋石油工程青岛有限公司,子公司/制造基地,西海岸新区,P1 优先,P1,B 中等,弱中卡：本科起，专业匹配,工业信息化、项目管理、安全管理、综合管理,重点跟踪｜投递前核股权｜价值:A,https://www.cnoocengineering.com/,1,官网优先；需在投递或启用监控前复核入口有效性,true
df3d9bfe8e6a,225,中远海运,中远海运青岛公司/青岛区域公司,中远海运青岛公司青岛区域公司,航运物流公司,青岛,P1 优先,P1,B 中等,弱中卡：本科起，专业匹配,航运物流信息化、综合管理、供应链,重点跟踪｜投递前核股权｜价值:A,https://qd.coscoshipping.com/,1,官网优先；需在投递或启用监控前复核入口有效性,true
ca98ac0134a3,226,华润集团,华润燃气（青岛）有限公司,华润燃气青岛有限公司,燃气公司,青岛,P1 优先,P1,B 中等,弱中卡：本科起，专业匹配,燃气运营、安全管理、信息化,重点跟踪｜投递前核股权｜价值:A,https://www.crc.com.cn/,1,官网优先；需在投递或启用监控前复核入口有效性,true
bcc733118f0b,227,华润集团,华润医药（山东）有限公司/青岛业务主体,华润医药山东有限公司青岛业务主体,医药供应链,青岛，待核,P2 可投/跟踪,P2,C 相对友好,弱卡：技能/经验优先,医药供应链、综合管理、信息化,可投/跟踪｜投递前核股权｜价值:B,https://www.crc.com.cn/,1,官网优先；需在投递或启用监控前复核入口有效性,false
a2dcf54aace9,228,华润集团,华润置地（青岛）有限公司,华润置地青岛有限公司,地产子公司,青岛,P3 低优先,P3,C 相对友好,弱卡：技能/经验优先,综合管理、运营、工程管理,低频查看｜投递前核股权｜价值:B,https://www.crland.com.cn/,1,官网优先；需在投递或启用监控前复核入口有效性,false
3dd8ba872129,229,华润集团,华润医药商业青岛业务线索,华润医药商业青岛业务线索,央企医药商业公司线索,青岛待核,P4 备查,P4,C 相对友好,弱卡：技能/经验优先,医药商业、物流系统、供应链数字化、职能；关键词：物流系统、供应链、信息化、职能,备查｜投递前核股权｜价值:C,"https://crc.wintalent.cn/wt/crpharma/web/index/social
https://www.iguopin.com/company?id=10685372705833274",2,官网优先；需在投递或启用监控前复核入口有效性,false
cb15b3a29d29,230,国家电投,国家电投（青岛）综合智慧能源有限公司,国家电投青岛综合智慧能源有限公司,综合能源公司,青岛,P1 优先,P1,B 中等,弱中卡：本科起，专业匹配,综合能源、数字化能源、项目管理、信息化,重点跟踪｜投递前核股权｜价值:A,https://www.spic.com.cn/,1,官网优先；需在投递或启用监控前复核入口有效性,true
0cc4bb4b79b0,231,国家电投,电投（青岛）投资发展有限公司,电投青岛投资发展有限公司,投资平台/子公司,市北区,P2 可投/跟踪,P2,B 中等,弱中卡：本科起，专业匹配,新能源投资、项目管理、综合管理、风控,可投/跟踪｜投递前核股权｜价值:A,https://www.spic.com.cn/,1,官网优先；需在投递或启用监控前复核入口有效性,false
7918e0b8006b,232,国家电投,青岛绿色发展研究院有限公司,青岛绿色发展研究院有限公司,研究院/技术平台,城阳区,P2 可投/跟踪,P2,B 中等,强卡：硕士/双一流倾向,清洁能源研发、项目管理、综合管理,可投/跟踪｜投递前核股权｜价值:A,https://www.spic.com.cn/,1,官网优先；需在投递或启用监控前复核入口有效性,false
edb92d536a50,233,国家电投,青岛国家电投能源电力有限公司,青岛国家电投能源电力有限公司,能源公司/合资线索,青岛,P3 低优先,P3,C 相对友好,弱卡：技能/经验优先,新能源、项目管理、综合管理,低频查看｜投递前核股权｜价值:B,https://www.spic.com.cn/,1,官网优先；需在投递或启用监控前复核入口有效性,false
67eb7be9c5c9,234,国家管网集团,国家管网山东分公司青岛作业区/黄岛油库,国家管网山东分公司青岛作业区黄岛油库,分支/作业区,青岛/黄岛,P1 优先,P1,B 中等,弱中卡：本科起，专业匹配,管网运维、安全管理、信息化、综合管理,重点跟踪｜投递前核股权｜价值:A,https://www.pipechina.com.cn/,1,官网优先；需在投递或启用监控前复核入口有效性,true
9b0d26b4f14b,235,国药集团,国药控股青岛有限公司,国药控股青岛有限公司,医药供应链公司；央企医药流通子公司,青岛,P1 优先,P1,B 中等,弱中卡：本科起，专业匹配,医药供应链、信息化、综合管理；医药供应链、仓储物流、数据/系统运营、合规；关键词：医药供应链、信息化、综合管理；供应链、物流系统、合规、运营管理,重点跟踪｜投递前核股权｜价值:A,"https://www.sinopharm.com/
https://www.iguopin.com/company?id=10685311014914410",2,官网优先；需在投递或启用监控前复核入口有效性,true
52b2fb4b3ef7,236,国药集团,国药集团青岛医疗器械有限公司,国药集团青岛医疗器械有限公司,医疗器械子公司,青岛,P3 低优先,P3,C 相对友好,弱卡：技能/经验优先,医疗器械供应链、产品、质量、信息系统；关键词：医疗器械、SQE、产品、供应链系统,低频查看｜价值:B,"https://www.sinopharm.com/talents.html
https://www.liepin.com/company/gs14433852/",2,官网优先；需在投递或启用监控前复核入口有效性,false
7c6283e6f947,237,山东海洋/山东海运,山东海运股份有限公司,山东海运股份有限公司,航运公司,青岛,P1 优先,P1,B 中等,弱中卡：本科起，专业匹配,航运、海洋物流、信息化、综合管理,重点跟踪｜投递前核股权｜价值:A,https://www.sdmg.com.cn/,1,官网优先；需在投递或启用监控前复核入口有效性,true
f61f5bf194ba,238,山东海洋/山东海运,山东海洋能源有限公司,山东海洋能源有限公司,海洋能源公司,青岛,P3 低优先,P3,C 相对友好,弱卡：技能/经验优先,海洋能源、项目管理、综合管理,低频查看｜投递前核股权｜价值:B,https://www.sdmg.com.cn/,1,官网优先；需在投递或启用监控前复核入口有效性,false
ccd7832de684,239,山东省国资委,山东省电子口岸有限公司,山东省电子口岸有限公司,电子口岸运营企业,山东/青岛相关,P1 优先,P1,B 中等,弱中卡：本科起，专业匹配,国际贸易单一窗口、口岸数据、平台建设运营；关键词：系统运营、平台建设、口岸数据、信息安全,重点跟踪｜投递前核股权｜价值:A,"https://sd.singlewindow.cn/shouye/kouanzixun/qitazixun/2022/1104/6813.html
https://sd.huatu.com/2026/0509/1619904.html",2,官网优先；需在投递或启用监控前复核入口有效性,true
0768e1f8f79a,240,山东能源集团,山东能源集团南美有限公司,山东能源集团南美有限公司,海外业务平台,西海岸新区,P1 优先,P1,B 中等,弱中卡：本科起，专业匹配,海外业务、综合管理、风控、信息化,重点跟踪｜投递前核股权｜价值:A,https://www.shandong-energy.com/,1,官网优先；需在投递或启用监控前复核入口有效性,true
03f81cd0c2f1,241,山东能源集团,山东能源（青岛）有限公司,山东能源青岛有限公司,青岛公司,西海岸新区,P1 优先,P1,B 中等,弱中卡：本科起，专业匹配,能源信息化、海外业务安全、综合管理,重点跟踪｜投递前核股权｜价值:A,https://www.shandong-energy.com/,1,官网优先；需在投递或启用监控前复核入口有效性,true
b1e7da706ec6,242,山东重工集团,中国重汽集团青岛重工有限公司,中国重汽集团青岛重工有限公司,制造业公司,青岛,P1 优先,P1,B 中等,弱中卡：本科起，专业匹配,制造业信息化、生产管理、综合管理,重点跟踪｜投递前核股权｜价值:A,https://www.shig.com.cn/,1,官网优先；需在投递或启用监控前复核入口有效性,true
85e4eb46118d,243,山东重工集团,潍柴青岛智慧重工有限公司,潍柴青岛智慧重工有限公司,制造业/智慧重工,青岛,P1 优先,P1,B 中等,弱中卡：本科起，专业匹配,制造业信息化、车联网、综合管理、供应链,重点跟踪｜投递前核股权｜价值:A,https://www.shig.com.cn/,1,官网优先；需在投递或启用监控前复核入口有效性,true
d6a3c333496c,244,山东重工集团,雷沃重工青岛相关主体,雷沃重工青岛相关主体,制造业线索,青岛，待核,P2 可投/跟踪,P2,C 相对友好,弱卡：技能/经验优先,制造业、供应链、信息化,可投/跟踪｜投递前核股权｜价值:B,https://www.shig.com.cn/,1,官网优先；需在投递或启用监控前复核入口有效性,false
989f90a8466b,245,山东铁投集团,山东铁投集团青岛分公司,山东铁投集团青岛分公司,分公司,西海岸新区,P1 优先,P1,A 较难,中卡：本科起，硕士加分,铁路项目管理、综合管理、信息化,重点跟踪｜投递前核股权｜价值:A,https://www.sdrail.com/,1,官网优先；需在投递或启用监控前复核入口有效性,true
7c9e7e49fff6,246,山东铁投集团,山东铁投物流有限公司,山东铁投物流有限公司,物流公司,青岛,P3 低优先,P3,C 相对友好,弱卡：技能/经验优先,物流、供应链、综合管理,低频查看｜投递前核股权｜价值:B,https://www.sdrail.com/,1,官网优先；需在投递或启用监控前复核入口有效性,false
1e512eae7e8c,247,山东铁投集团,山东鲁中高速铁路有限公司,山东鲁中高速铁路有限公司,高铁项目公司,西海岸新区,P3 低优先,P3,A 较难,中卡：本科起，专业/经历匹配,铁路项目管理、综合管理,低频查看｜投递前核股权｜价值:B,https://www.sdrail.com/,1,官网优先；需在投递或启用监控前复核入口有效性,false
0ac2b7cff56a,248,招商局集团,招商局港口（青岛）有限公司,招商局港口青岛有限公司,港口公司,青岛,P1 优先,P1,B 中等,弱中卡：本科起，专业匹配,港口物流、综合管理、信息化,重点跟踪｜投递前核股权｜价值:A,https://www.cmhk.com/,1,官网优先；需在投递或启用监控前复核入口有效性,true
fb4b33ad20e2,249,招商局集团,招商银行青岛分行,招商银行青岛分行,金融分行；分行,青岛,P1 优先,P1,S 极难,强卡：硕士/双一流倾向,金融科技、合规、运营、客户经理；金融科技、数据、运营、客户经理,重点跟踪｜价值:A,"https://www.cmbchina.com/
https://www.qdjqt.com/jinrongjigou.html",2,官网优先；需在投递或启用监控前复核入口有效性,true
03afb3f0b5fa,250,招商局集团,招商蛇口青岛公司/项目公司,招商蛇口青岛公司项目公司,地产/园区主体,青岛,P3 低优先,P3,C 相对友好,弱卡：技能/经验优先,综合管理、项目运营,低频查看｜投递前核股权｜价值:B,https://www.cmhk.com/,1,官网优先；需在投递或启用监控前复核入口有效性,false
b2b68467f1ba,251,招商局集团,招商证券股份有限公司青岛分公司/青岛营业部,招商证券股份有限公司青岛分公司青岛营业部,证券分公司/营业部,青岛,P4 备查,P4,S 极难,强卡：硕士/双一流倾向,财富管理、机构业务、投行、合规,备查｜价值:B,"https://xinsanban.eastmoney.com/Organization/BrokerInfo/80000012.html
https://www.csrc.gov.cn/qingdao/c104024/c7635812/content.shtml",2,官网优先；需在投递或启用监控前复核入口有效性,false
b8a2ad94e9c1,252,青岛人才发展集团,青岛人才发展集团有限公司,青岛人才发展集团有限公司,集团/人才服务,青岛,P1 优先,P1,B 中等,强卡：硕士/双一流倾向,人力、综合管理、数据运营、平台运营,重点跟踪｜投递前核股权｜价值:A,https://www.gsxt.gov.cn/,1,官网优先；需在投递或启用监控前复核入口有效性,true
3a2bc6fa7e9f,253,青岛人才发展集团,青岛市人力资源集团有限公司,青岛市人力资源集团有限公司,市属人力资源服务平台/集团子公司,青岛,P0 必看,P0,A 较难,强卡：硕士/双一流倾向,人力资源服务、招聘平台、信息化、数据运营、综合管理,新增｜优先跟踪｜价值:S,https://www.bianzhia.com/zt/gqqingdao/index_2.html,1,官网优先；需在投递或启用监控前复核入口有效性,true
24a75d43ae0e,254,青岛出版集团/城市传媒,青岛城市传媒股份有限公司,青岛城市传媒股份有限公司,上市公司/出版传媒平台；上市公司/国有文化企业,青岛,P1 优先,P1,B 中等,弱中卡：本科起，专业匹配,数字出版、新媒体、内容运营、信息化、综合管理；数字出版、新媒体、运营、信息化、综合管理,重点跟踪｜投递前核股权｜价值:A,"https://baike.eastmoney.com/item/%E9%9D%92%E5%B2%9B%E5%9F%8E%E5%B8%82%E4%BC%A0%E5%AA%92%E8%82%A1%E4%BB%BD%E6%9C%89%E9%99%90%E5%85%AC%E5%8F%B8
https://www.citymedia.cn/Home/CoInfo/index.html",2,官网优先；需在投递或启用监控前复核入口有效性,true
f1f055bf275a,255,青岛出版集团/城市传媒,青岛出版社有限公司,青岛出版社有限公司,出版子公司,青岛,P2 可投/跟踪,P2,C 相对友好,弱卡：技能/经验优先,编辑、数字内容、版权运营、综合管理；编辑出版、数字内容、运营、综合管理,可投/跟踪｜价值:B,"https://baike.eastmoney.com/item/%E9%9D%92%E5%B2%9B%E5%9F%8E%E5%B8%82%E4%BC%A0%E5%AA%92%E8%82%A1%E4%BB%BD%E6%9C%89%E9%99%90%E5%85%AC%E5%8F%B8
https://www.gaoxiaojob.com/rczhaopin/qingdao/bianji",2,官网优先；需在投递或启用监控前复核入口有效性,false
f338ac4bf6ff,256,青岛出版集团/城市传媒,青岛出版集团有限公司,青岛出版集团有限公司,国有文化企业/出版集团,青岛,P2 可投/跟踪,P2,B 中等,弱中卡：本科起，专业匹配,编辑出版、数字内容、运营、综合管理,可投/跟踪｜投递前核股权｜价值:A,"https://www.gaoxiaojob.com/rczhaopin/qingdao/bianji
https://m.liepin.com/company/12277399/",2,官网优先；需在投递或启用监控前复核入口有效性,false
3252823fd477,257,青岛出版集团/城市传媒,青岛新华书店有限责任公司,青岛新华书店有限责任公司,发行/书店子公司,青岛,P2 可投/跟踪,P2,C 相对友好,弱卡：技能/经验优先,文化零售、门店运营、数字运营、综合管理；门店运营、文化产业、综合管理、数字运营,可投/跟踪｜价值:B,"https://baike.eastmoney.com/item/%E9%9D%92%E5%B2%9B%E5%9F%8E%E5%B8%82%E4%BC%A0%E5%AA%92%E8%82%A1%E4%BB%BD%E6%9C%89%E9%99%90%E5%85%AC%E5%8F%B8
https://www.gaoxiaojob.com/rczhaopin/qingdao/bianji",2,官网优先；需在投递或启用监控前复核入口有效性,false
50fbc65e77c6,258,青岛北岸控股集团,青岛北岸数字科技集团有限公司,青岛北岸数字科技集团有限公司,区属数字科技平台线索,城阳区,P1 优先,P1,B 中等,弱中卡：本科起，专业匹配,数据资产、数字政府、产业数字化、平台运营；关键词：数字科技、数据资产、平台运营、智慧城市,重点跟踪｜投递前核股权｜价值:A,"https://www.aiqicha.com/company_detail_41413532929052?tab=dataAnalysis
https://www.jining.gov.cn/art/2023/9/27/art_106014_2854309.html",2,官网优先；需在投递或启用监控前复核入口有效性,true
4236364f9c68,259,青岛啤酒集团,青岛啤酒股份有限公司,青岛啤酒股份有限公司,上市公司/核心主体,青岛,P1 优先,P1,B 中等,弱中卡：本科起，专业匹配,品牌、市场、供应链、信息化,重点跟踪｜投递前核股权｜价值:A,https://www.tsingtao.com.cn/,1,官网优先；需在投递或启用监控前复核入口有效性,true
d4b7b9cc89ac,260,青岛啤酒集团,青岛啤酒集团有限公司,青岛啤酒集团有限公司,集团,青岛,P2 可投/跟踪,P2,C 相对友好,弱卡：技能/经验优先,品牌、市场、供应链、信息化、综合管理,可投/跟踪｜投递前核股权｜价值:B,https://www.tsingtao.com.cn/,1,官网优先；需在投递或启用监控前复核入口有效性,false
f4860ed49c69,261,青岛国际投资有限公司,青岛国投产业投资有限公司,青岛国投产业投资有限公司,青岛国投科投更名后的产业投资平台,青岛,P1 优先,P1,B 中等,弱中卡：本科起，专业匹配,产业投资、科技创新产业投资、化工/高端化工产业运营、风控合规、项目管理,新增更名主体｜重点跟踪｜价值:A,https://news.qq.com/rain/a/20260312A08NI600,1,官网优先；需在投递或启用监控前复核入口有效性,true
1d0d06fd6057,262,青岛国际投资有限公司,青岛国投创业投资有限公司,青岛国投创业投资有限公司,青岛国投全资创投平台；由青岛国投投资控股更名,青岛,P1 优先,P1,B 中等,强卡：硕士/双一流倾向,创业投资、产业基金、硬科技投资、投后管理、风控合规、数据分析,新增更名主体｜重点跟踪｜价值:A,https://i.ifeng.com/c/8qcwngUmcPz,1,官网优先；需在投递或启用监控前复核入口有效性,true
eaa7ff5a4d67,263,青岛国际投资有限公司,青岛国投资产运营管理有限公司,青岛国投资产运营管理有限公司,青岛国投资本管理更名后的资产运营平台,崂山区/青岛,P2 可投/跟踪,P2,C 相对友好,弱卡：技能/经验优先,资产运营、投融资服务、财务咨询、企业管理、风控合规,新增更名主体｜跟踪招聘｜价值:B,https://finance.ifeng.com/c/8sv8uru6x7z,1,官网优先；需在投递或启用监控前复核入口有效性,false
50b37b88f18f,264,青岛国际投资有限公司,青岛国际投资有限公司,青岛国际投资有限公司,投资平台,青岛,P2 可投/跟踪,P2,B 中等,弱中卡：本科起，专业匹配,投资风控、综合管理、项目管理、产业运营,可投/跟踪｜投递前核股权｜价值:A,https://www.gsxt.gov.cn/,1,官网优先；需在投递或启用监控前复核入口有效性,false
06bfbf7133c8,265,青岛城阳城市发展集团,青岛城阳城市发展集团有限公司,青岛城阳城市发展集团有限公司,区属国有投资公司,城阳区,P1 优先,P1,B 中等,弱中卡：本科起，专业匹配,民生项目建设、运营管理、综合管理、信息化,重点跟踪｜投递前核股权｜价值:A,https://campus.51job.com/2022qdcycf,1,官网优先；需在投递或启用监控前复核入口有效性,true
0f2323464825,266,青岛崂山湾集团,青岛崂山湾集团有限公司,青岛崂山湾集团有限公司,区属国企/城市更新+能源平台,崂山区,P1 优先,P1,B 中等,弱中卡：本科起，专业匹配,城市更新、能源供热、项目管理、综合管理、信息化,重点跟踪｜投递前核股权｜价值:A,"https://m.jiemian.com/article/8588439.html
https://news.qq.com/rain/a/20250906A01U7700",2,官网优先；需在投递或启用监控前复核入口有效性,true
dff1ef6688c9,267,青岛崂山湾集团,青岛崂山湾发展有限公司,青岛崂山湾发展有限公司,开发建设子公司,崂山区,P3 低优先,P3,C 相对友好,弱卡：技能/经验优先,城市更新、保障房、项目管理、综合管理,低频查看｜投递前核股权｜价值:B,"https://m.jiemian.com/article/8588439.html
https://news.qq.com/rain/a/20250906A01U7700",2,官网优先；需在投递或启用监控前复核入口有效性,false
43a3b18d5e63,268,青岛崂山科创/生物医药平台,青岛崂山科技创新发展集团有限公司,青岛崂山科技创新发展集团有限公司,科创平台,崂山区,P1 优先,P1,B 中等,强卡：硕士/双一流倾向,科创投资、产业运营、数据治理、综合管理,重点跟踪｜投递前核股权｜价值:A,https://news.qq.com/rain/a/20250906A01U7700,1,官网优先；需在投递或启用监控前复核入口有效性,true
ef25693e6327,269,青岛崂山科创/生物医药平台,青岛崂山生物医药健康产业有限公司,青岛崂山生物医药健康产业有限公司,生物医药产业平台,崂山区,P2 可投/跟踪,P2,B 中等,弱中卡：本科起，专业匹配,生物医药园区、项目管理、综合管理、信息化,可投/跟踪｜投递前核股权｜价值:B,https://news.qq.com/rain/a/20250906A01U7700,1,官网优先；需在投递或启用监控前复核入口有效性,false
2ddedbb9f0ff,270,青岛市政开发建设集团,青岛市政开发建设集团有限公司,青岛市政开发建设集团有限公司,由青岛城市发展集团与青岛市政空间开发集团合并组建的新型智慧城市建设运营集团,崂山区/青岛,P1 优先,P1,B 中等,弱中卡：本科起，专业匹配,智慧城市建设运营、信息技术咨询、工程数字化、城市运营、项目管理,新增重组主体｜重点跟踪｜价值:A,https://m.dzplus.dzng.com/share/general/0/NEWS2981015FNSDVRWAVVEBR,1,官网优先；需在投递或启用监控前复核入口有效性,true
8b17028d7abb,271,青岛广电影视传媒集团,青岛广电影视传媒集团有限公司,青岛广电影视传媒集团有限公司,市直国有文化企业,青岛,P1 优先,P1,B 中等,弱中卡：本科起，专业匹配,视频内容、新媒体运营、技术运维、综合管理,重点跟踪｜投递前核股权｜价值:A,https://news.qtv.com.cn/system/2026/05/13/016155320.shtml,1,官网优先；需在投递或启用监控前复核入口有效性,true
3e4fa5e9a814,272,青岛广电影视传媒集团,青岛小白帆影视文化传播有限公司,青岛小白帆影视文化传播有限公司,全资子公司/招聘主体,青岛,P3 低优先,P3,C 相对友好,弱卡：技能/经验优先,影视制作、内容运营、项目管理、综合管理,低频查看｜价值:B,https://news.qtv.com.cn/system/2026/05/13/016155320.shtml,1,官网优先；需在投递或启用监控前复核入口有效性,false
36360d55673d,273,青岛广电影视传媒集团,青岛广播电视塔服务中心有限公司,青岛广播电视塔服务中心有限公司,全资子公司/招聘主体,青岛,P4 备查,P4,C 相对友好,弱卡：技能/经验优先,文旅运营、服务管理、综合管理,备查｜价值:B,https://news.qtv.com.cn/system/2026/05/13/016155320.shtml,1,官网优先；需在投递或启用监控前复核入口有效性,false
5de271120eba,274,青岛报业传媒集团,青岛报业传媒集团有限公司,青岛报业传媒集团有限公司,市直国有文化企业,崂山区,P1 优先,P1,B 中等,弱中卡：本科起，专业匹配,新媒体运营、内容策划、数据产品、技术开发、综合管理,重点跟踪｜投递前核股权｜价值:A,"https://vote1.qingdaonews.com/branch/news/202207/2022city/pcDetail.php?uid=57
https://www.dailyqd.com/guanhai/443343_1.html",2,官网优先；需在投递或启用监控前复核入口有效性,true
fad3494a6a4a,275,青岛报业传媒集团,青岛新闻网络传播有限公司,青岛新闻网络传播有限公司,报业传媒集团新媒体/网络传播公司,青岛,P1 优先,P1,B 中等,弱中卡：本科起，专业匹配,新闻客户端、网站平台、融媒体技术、内容安全、信息化,已精确化｜重点跟踪｜价值:A,"https://www.qingdaonews.com/
https://www.bianzhia.com/zt/gqqingdao/",2,官网优先；需在投递或启用监控前复核入口有效性,true
c22aa475404b,276,青岛报业传媒集团,观海新闻客户端/观海新闻相关运营主体线索,观海新闻客户端观海新闻相关运营主体线索,新媒体平台线索,青岛,P2 可投/跟踪,P2,C 相对友好,弱卡：技能/经验优先,内容运营、视频编辑、数据运营、产品运营,可投/跟踪｜投递前核股权｜价值:B,"https://vote1.qingdaonews.com/branch/news/202207/2022city/pcDetail.php?uid=57
https://www.dailyqd.com/guanhai/443343_1.html",2,官网优先；需在投递或启用监控前复核入口有效性,false
7d9756495aee,277,青岛报业传媒集团,青岛北岸产业投资控股有限公司,青岛北岸产业投资控股有限公司,产业投资平台,城阳区,P2 可投/跟踪,P2,C 相对友好,弱卡：技能/经验优先,产业投资、园区运营、综合管理,可投/跟踪｜投递前核股权｜价值:B,"https://club.qingdaonews.com/showAnnounce_old_20_4181430_1_0.htm
https://www.aiqicha.com/company_detail_41413532929052?tab=dataAnalysis",2,官网优先；需在投递或启用监控前复核入口有效性,false
1b7a9d03ed9d,278,青岛报业传媒集团,青岛观海国际会展有限公司,青岛观海国际会展有限公司,会展/传媒子公司,青岛,P2 可投/跟踪,P2,C 相对友好,弱卡：技能/经验优先,会展运营、数字媒体、平台运营、综合管理,新增｜跟踪招聘｜价值:B,"https://www.qingdaonews.com/
https://www.bianzhia.com/zt/gqqingdao/",2,官网优先；需在投递或启用监控前复核入口有效性,false
73f67a4e69c9,279,青岛报业传媒集团,青岛掌控传媒有限公司,青岛掌控传媒有限公司,新媒体/移动传播子公司,青岛,P1 优先,P1,B 中等,弱中卡：本科起，专业匹配,新媒体平台、内容安全、产品运营、数据运营、信息化,新增｜重点跟踪｜价值:A,https://www.bianzhia.com/zt/gqqingdao/,1,官网优先；需在投递或启用监控前复核入口有效性,true
24f179a9caff,280,青岛报业传媒集团,青岛日报报业集团发行有限责任公司,青岛日报报业集团发行有限责任公司,发行服务子公司,青岛,P3 低优先,P3,C 相对友好,弱卡：技能/经验优先,发行渠道、运营管理、信息化支持,新增｜低频查看｜价值:B,https://www.bianzhia.com/zt/gqqingdao/,1,官网优先；需在投递或启用监控前复核入口有效性,false
c56527840af5,281,青岛报业传媒集团,青岛日报报业集团实业有限责任公司,青岛日报报业集团实业有限责任公司,实业/经营子公司,青岛,P3 低优先,P3,C 相对友好,弱卡：技能/经验优先,综合管理、资产运营、信息化支持,新增｜低频查看｜价值:B,https://www.bianzhia.com/zt/gqqingdao/,1,官网优先；需在投递或启用监控前复核入口有效性,false
361b61bf796b,282,青岛海湾集团,青岛海湾集团有限公司,青岛海湾集团有限公司,集团,青岛,P1 优先,P1,A 较难,中卡：本科起，硕士加分,化工信息化、安全环保、综合管理,重点跟踪｜投递前核股权｜价值:A,https://www.qdhw.com/,1,官网优先；需在投递或启用监控前复核入口有效性,true
711336511b32,283,青岛海湾集团,青岛海湾化学股份有限公司,青岛海湾化学股份有限公司,化工实体,青岛,P2 可投/跟踪,P2,A 较难,中卡：本科起，硕士加分,安全环保、生产管理、信息化,可投/跟踪｜投递前核股权｜价值:B,https://www.qdhw.com/,1,官网优先；需在投递或启用监控前复核入口有效性,false
7459e80359b3,284,青岛经济技术开发区投资控股集团,青岛经济技术开发区投资控股集团有限公司,青岛经济技术开发区投资控股集团有限公司,区属国有企业/投资控股集团,西海岸新区,P1 优先,P1,C 相对友好,强卡：硕士/双一流倾向,园区运营、投资管理、综合管理、项目管理,重点跟踪｜投递前核股权｜价值:S,"https://www.qdjkgroup.com/about.html
https://qzpta39.chinasyks.org.cn/cn_xha/xha.html",2,官网优先；需在投递或启用监控前复核入口有效性,true
cfd97bebbed3,285,青岛自贸片区/青发控股集团,青岛青发控股集团有限公司,青岛青发控股集团有限公司,青岛自贸片区国有企业；开发建设、仓储物流贸易、金融投资平台,西海岸新区/自贸片区,P1 优先,P1,B 中等,弱中卡：本科起，专业匹配,片区开发、国际贸易、现代金融、资本运营、物流平台、信息化/数字化运营,新增遗漏主体｜重点跟踪｜价值:A,https://qingfakonggu.com/,1,官网优先；需在投递或启用监控前复核入口有效性,true
306df3662c68,286,青岛西海岸公用事业集团,青岛西海岸公用事业集团有限公司,青岛西海岸公用事业集团有限公司,公用事业平台,西海岸新区,P1 优先,P1,B 中等,弱中卡：本科起，专业匹配,公用事业、能源水务、信息化、安全管理、运营,重点跟踪｜投递前核股权｜价值:A,"https://qzpta39.chinasyks.org.cn/cn_xha/xha.html
https://www.tianyancha.com/company/2328345125",2,官网优先；需在投递或启用监控前复核入口有效性,true
4ae3eada2bec,287,青岛西海岸公用事业集团,青岛西海岸公用事业集团能源供热有限公司,青岛西海岸公用事业集团能源供热有限公司,供热能源子公司,西海岸新区,P1 优先,P1,B 中等,弱中卡：本科起，专业匹配,能源供热、智慧供热、系统运维、安全管理,重点跟踪｜价值:A,"https://www.kczg.org.cn/org/orgdetail?id=329979
https://qzpta39.chinasyks.org.cn/cn_xha/xha.html",2,官网优先；需在投递或启用监控前复核入口有效性,true
c265b94217ce,288,青岛西海岸公用事业集团,青岛崂山湾能源有限公司/东亿能源线索,青岛崂山湾能源有限公司东亿能源线索,能源供热子公司,崂山区,P2 可投/跟踪,P2,B 中等,弱中卡：本科起，专业匹配,供热能源、系统运维、安全管理、综合管理,可投/跟踪｜投递前核股权｜价值:B,"https://m.jiemian.com/article/8588439.html
https://news.qq.com/rain/a/20250906A01U7700",2,官网优先；需在投递或启用监控前复核入口有效性,false
31666a9d00eb,289,青岛西海岸公用事业集团,青岛西海岸公用事业集团水务有限公司,青岛西海岸公用事业集团水务有限公司,水务子公司,西海岸新区,P2 可投/跟踪,P2,B 中等,弱中卡：本科起，专业匹配,水务运营、信息化、综合管理、安全管理,可投/跟踪｜价值:B,"https://qzpta39.chinasyks.org.cn/cn_xha/xha.html
https://www.tianyancha.com/company/2328345125",2,官网优先；需在投递或启用监控前复核入口有效性,false
b9fa75a2592e,290,青岛西海岸新区海洋控股集团,青岛西海岸新区海洋控股集团有限公司,青岛西海岸新区海洋控股集团有限公司,区属国有资本投资运营集团,西海岸新区,P1 优先,P1,A 较难,中卡：本科起，专业/经历匹配,产业投资、资本运营、海洋经济、风控、综合管理,重点跟踪｜投递前核股权｜价值:S,"https://www.news.cn/city/20240605/60b264e9ca1945e788bb3c83496d1375/c.html
https://qzpta39.chinasyks.org.cn/cn_xha/xha.html",2,官网优先；需在投递或启用监控前复核入口有效性,true
19f8210746f4,291,青岛西海岸新区海洋控股集团,青岛海控投资控股有限公司,青岛海控投资控股有限公司,投资控股公司,西海岸新区,P3 低优先,P3,C 相对友好,弱卡：技能/经验优先,投资、资产运营、项目管理、综合管理,低频查看｜投递前核股权｜价值:B,"https://www.cnqxhk.com/
https://qzpta39.chinasyks.org.cn/cn_xha/xha.html",2,官网优先；需在投递或启用监控前复核入口有效性,false
81936079c079,292,青岛西海岸新区海洋控股集团,青岛西海岸新区海洋控股集团,青岛西海岸新区海洋控股集团,区属国企,西海岸新区,P3 低优先,P3,C 相对友好,弱卡：技能/经验优先,海洋产业、综合管理、项目运营,低频查看｜投递前核股权｜价值:B,https://www.gsxt.gov.cn/,1,官网优先；需在投递或启用监控前复核入口有效性,false
3e9efd09a132,293,青岛金家岭控股集团,青岛金家岭控股集团有限公司,青岛金家岭控股集团有限公司,区属国有独资投资运营商,崂山区,P1 优先,P1,C 相对友好,弱卡：技能/经验优先,金融区运营、股权投资、资产运营、风控、综合管理,重点跟踪｜投递前核股权｜价值:S,"https://www.jtn.com/CN/news_content.aspx?KeyID=00000000000000008822&Lan=CN&MenuID=05002
https://file.finance.sina.com.cn/211.154.219.97%3A9494/MRGG/BOND/2024/2024-6/2024-06-27/20504021.PDF",2,官网优先；需在投递或启用监控前复核入口有效性,true
09da6052799f,294,青岛金家岭控股集团,青岛全球财富中心开发建设有限公司,青岛全球财富中心开发建设有限公司,金融投资/资产运营/地产开发平台,崂山区,P2 可投/跟踪,P2,B 中等,弱中卡：本科起，专业匹配,金融区载体、资产运营、综合管理,可投/跟踪｜投递前核股权｜价值:A,"https://vc.pedaily.cn/vc/187497.html
https://file.finance.sina.com.cn/211.154.219.97%3A9494/MRGG/BOND/2024/2024-6/2024-06-27/20504021.PDF",2,官网优先；需在投递或启用监控前复核入口有效性,false
cbf155653a1f,295,青岛金水集团/李沧,青岛金水集团有限公司,青岛金水集团有限公司,国有资本投资运营主体,李沧区,P1 优先,P1,A 较难,中卡：本科起，硕士加分,园区运营、产业投资、项目管理、综合管理、信息化,重点跟踪｜投递前核股权｜价值:A,"https://www.zlhuiyun.com/project/33.html
https://news.10jqka.com.cn/20260415/c676021243.shtml",2,官网优先；需在投递或启用监控前复核入口有效性,true
6698472c8b50,296,青岛金水集团/李沧,青岛金水控股集团有限公司,青岛金水控股集团有限公司,投资运营平台,李沧区,P2 可投/跟踪,P2,C 相对友好,弱卡：技能/经验优先,产业园区、项目管理、资产运营、综合管理,可投/跟踪｜投递前核股权｜价值:A,"https://news.10jqka.com.cn/20260415/c676021243.shtml
https://pdf.dfcfw.com/pdf/H2_AN202312061613490339_1.pdf",2,官网优先；需在投递或启用监控前复核入口有效性,false
f9c31e5e5f97,297,青岛金水集团/李沧,青岛融源产业园投资运营有限公司,青岛融源产业园投资运营有限公司,产业园投资运营公司/前身线索,李沧区,P3 低优先,P3,C 相对友好,弱卡：技能/经验优先,产业园运营、资产管理、综合管理,低频查看｜投递前核股权｜价值:B,https://pdf.dfcfw.com/pdf/H2_AN202312061613490339_1.pdf,1,官网优先；需在投递或启用监控前复核入口有效性,false
628c8d194b36,298,中国东方资产,中国东方资产管理股份有限公司山东省分公司,中国东方资产管理股份有限公司山东省分公司,省级分公司,市南区,P2 可投/跟踪,P2,B 中等,弱中卡：本科起，专业匹配,不良资产、投融资、法务合规、风控,可投/跟踪｜价值:A,"https://www.coamc.com.cn/dfzch/zzjg/fzjg/
https://www.coamc.com.cn/",2,官网优先；需在投递或启用监控前复核入口有效性,false
17514ecb9033,299,中国中信集团,中信证券（山东）有限责任公司青岛分公司,中信证券山东有限责任公司青岛分公司,证券分公司,青岛,P2 可投/跟踪,P2,S 极难,强卡：硕士/双一流倾向,投行、财富管理、机构业务、风控合规、IT支持,可投/跟踪｜价值:A,"https://sd.citics.com/yywd/sds/_yyb406_/
https://job.citics.com/",2,官网优先；需在投递或启用监控前复核入口有效性,false
2102a649b5b7,300,中国中信集团,中信银行青岛分行,中信银行青岛分行,分行,青岛,P2 可投/跟踪,P2,S 极难,强卡：硕士/双一流倾向,金融科技、风险合规、对公业务、综合管理,可投/跟踪｜价值:A,"https://www.qdjqt.com/jinrongjigou.html
https://job.citicbank.com/",2,官网优先；需在投递或启用监控前复核入口有效性,false
73b4d490f1ab,301,中国中信集团,中信青岛资产管理有限公司,中信青岛资产管理有限公司,地方资产管理公司,青岛,P2 可投/跟踪,P2,B 中等,弱中卡：本科起，专业匹配,不良资产、投融资、风控、法务合规,可投/跟踪｜投递前核股权｜价值:A,https://www.qdamc.citic/,1,官网优先；需在投递或启用监控前复核入口有效性,false
6d2ba11735bd,302,中国中信集团,中国中信金融资产管理股份有限公司山东分公司,中国中信金融资产管理股份有限公司山东分公司,省级分公司,山东/青岛业务待核,P3 低优先,P3,C 相对友好,弱卡：技能/经验优先,不良资产、破产重组、法务合规、投融资,低频查看｜价值:B,"https://www.famc.citic/
https://www.famc.citic/m/rczp/zpxx/91960.shtml",2,官网优先；需在投递或启用监控前复核入口有效性,false
3a5fd20677f0,303,中国中信集团,中信证券（山东）青岛总部证券营业部,中信证券山东青岛总部证券营业部,证券营业部,青岛,P4 备查,P4,S 极难,强卡：硕士/双一流倾向,机构业务、财富管理、综合运营,备查｜价值:B,"https://sd.citics.com/yywd/sds/_yyb480_/
https://job.citics.com/",2,官网优先；需在投递或启用监控前复核入口有效性,false
9e7e0af14601,304,中国储备粮集团,中央储备粮青岛直属库有限公司,中央储备粮青岛直属库有限公司,粮储直属库,青岛,P2 可投/跟踪,P2,C 相对友好,弱卡：技能/经验优先,仓储、综合管理、信息化,可投/跟踪｜价值:B,https://www.sinograin.com.cn/,1,官网优先；需在投递或启用监控前复核入口有效性,false
c8b53e11aa38,305,中国光大集团,中国光大银行青岛分行,中国光大银行青岛分行,分行,青岛,P2 可投/跟踪,P2,S 极难,强卡：硕士/双一流倾向,金融科技、运营管理、风险合规、客户经理,可投/跟踪｜价值:A,"https://www.qdjqt.com/jinrongjigou.html
https://www.cebbank.com/site/zhaopin/",2,官网优先；需在投递或启用监控前复核入口有效性,false
301812a5b281,306,中国光大集团,光大证券股份有限公司山东分公司/青岛业务主体,光大证券股份有限公司山东分公司青岛业务主体,证券分公司/待核,青岛,P3 低优先,P3,S 极难,强卡：硕士/双一流倾向,财富管理、投行、合规、IT支持,低频查看｜价值:B,"https://www.ebscn.com/
https://www.csrc.gov.cn/qingdao/c104024/c7635812/content.shtml",2,官网优先；需在投递或启用监控前复核入口有效性,false
edbed979f474,307,中国太平集团,中国太平洋财产保险股份有限公司青岛分公司,中国太平洋财产保险股份有限公司青岛分公司,财险分公司,青岛,P2 可投/跟踪,P2,C 相对友好,弱卡：技能/经验优先,风控、理赔、运营、信息化,可投/跟踪｜价值:B,"https://www.qdjqt.com/jinrongjigou.html
https://property.cpic.com.cn/",2,官网优先；需在投递或启用监控前复核入口有效性,false
1e4ac246f44e,308,中国太平集团,中国太平洋人寿保险股份有限公司青岛分公司,中国太平洋人寿保险股份有限公司青岛分公司,寿险分公司,青岛,P3 低优先,P3,C 相对友好,弱卡：技能/经验优先,运营、合规、综合管理,低频查看｜价值:C,https://www.cpic.com.cn/xrsbx/,1,官网优先；需在投递或启用监控前复核入口有效性,false
0bb847a36f0a,309,中国太平集团,太平人寿保险有限公司青岛分公司,太平人寿保险有限公司青岛分公司,寿险分公司,青岛,P3 低优先,P3,C 相对友好,弱卡：技能/经验优先,运营、合规、综合管理、保险内勤,低频查看｜价值:B,https://cntp.zhiye.com/,1,官网优先；需在投递或启用监控前复核入口有效性,false
04eab9b5b7cf,310,中国建材,中国建材检验认证集团山东计量检测青岛分公司,中国建材检验认证集团山东计量检测青岛分公司,检测分公司,青岛,P2 可投/跟踪,P2,C 相对友好,弱卡：技能/经验优先,检测认证、质量体系、综合管理,可投/跟踪｜投递前核股权｜价值:B,https://www.cnbm.com.cn/,1,官网优先；需在投递或启用监控前复核入口有效性,false
2e7b139f57a9,311,中国建材,中国建材青岛子公司线索（多家）,中国建材青岛子公司线索多家,待核子公司,青岛，待核,P2 可投/跟踪,P2,C 相对友好,弱卡：技能/经验优先,材料、检测、综合管理,可投/跟踪｜投递前核股权｜价值:B,https://www.cnbm.com.cn/,1,官网优先；需在投递或启用监控前复核入口有效性,false
5b6278b04328,312,中国物流/中储粮,青岛中储物流有限公司/中储体系主体,青岛中储物流有限公司中储体系主体,物流公司,青岛,P2 可投/跟踪,P2,C 相对友好,弱卡：技能/经验优先,物流、供应链、信息化,可投/跟踪｜投递前核股权｜价值:B,https://www.chinalogisticsgroup.com.cn/,1,官网优先；需在投递或启用监控前复核入口有效性,false
397c1d756cf7,313,中国钢研,钢研纳克检测技术股份有限公司青岛纳克/青岛岗位线索,钢研纳克检测技术股份有限公司青岛纳克青岛岗位线索,央企控股上市公司青岛岗位,青岛,P2 可投/跟踪,P2,B 中等,弱中卡：本科起，专业匹配,材料检测、腐蚀检测、仪器研发、认证工程；关键词：检测、认证、仪器、腐蚀、质量,可投/跟踪｜价值:A,https://www.iguopin.com/company?id=10685314336958712,1,官网优先；需在投递或启用监控前复核入口有效性,false
a9d1b53d5741,314,中国钢研,青岛纳克检测等线索,青岛纳克检测等线索,检测/材料公司,青岛，待核,P2 可投/跟踪,P2,C 相对友好,弱卡：技能/经验优先,检测、材料、研发、综合管理,可投/跟踪｜投递前核股权｜价值:B,https://www.cisri.com.cn/,1,官网优先；需在投递或启用监控前复核入口有效性,false
ece77b46f002,315,中国铁建,中铁建青岛投资有限公司,中铁建青岛投资有限公司,投资平台,青岛,P2 可投/跟踪,P2,B 中等,弱中卡：本科起，专业匹配,投资、项目管理、综合管理、风控,可投/跟踪｜投递前核股权｜价值:A,https://www.crcc.cn/,1,官网优先；需在投递或启用监控前复核入口有效性,false
89d7ba27e4ae,316,中国铁建,中铁二十五局青岛分公司,中铁二十五局青岛分公司,分公司,青岛,P3 低优先,P3,C 相对友好,弱卡：技能/经验优先,工程管理、综合管理,低频查看｜投递前核股权｜价值:B,https://www.crcc.cn/,1,官网优先；需在投递或启用监控前复核入口有效性,false
a197c2478103,317,中国铁建,中铁十四局集团青岛工程有限公司,中铁十四局集团青岛工程有限公司,工程公司,青岛,P3 低优先,P3,C 相对友好,弱卡：技能/经验优先,工程管理、综合管理、招采,低频查看｜投递前核股权｜价值:B,https://www.crcc.cn/,1,官网优先；需在投递或启用监控前复核入口有效性,false
a2f2e55fc5ea,318,中央汇金/银河/中金/申万宏源,中国银河证券股份有限公司青岛分公司,中国银河证券股份有限公司青岛分公司,证券分公司,崂山区,P2 可投/跟踪,P2,S 极难,强卡：硕士/双一流倾向,财富管理、投顾、合规、信息技术支持,可投/跟踪｜价值:A,"https://www.chinastock.com.cn/newsite/online/branchNetwork.html
https://www.csrc.gov.cn/qingdao/c104024/c7635812/content.shtml",2,官网优先；需在投递或启用监控前复核入口有效性,false
142527d44f21,319,中央汇金/银河/中金/申万宏源,中国中金财富证券有限公司青岛香港中路证券营业部,中国中金财富证券有限公司青岛香港中路证券营业部,证券营业部,市南区,P4 备查,P4,S 极难,强卡：硕士/双一流倾向,财富管理、机构业务、综合运营,备查｜价值:B,"https://data.eastmoney.com/dzjy/detail/603421.html
https://www.ciccwm.com/",2,官网优先；需在投递或启用监控前复核入口有效性,false
78c75a8fa7c1,320,中央汇金/银河/中金/申万宏源,中国银河证券青岛即墨区墨城路证券营业部,中国银河证券青岛即墨区墨城路证券营业部,证券营业部,即墨区,P4 备查,P4,S 极难,强卡：硕士/双一流倾向,财富管理、客户运营,备查｜价值:C,https://www.chinastock.com.cn/newsite/online/branchNetwork.html,1,官网优先；需在投递或启用监控前复核入口有效性,false
c9e191ebb5db,321,中央汇金/银河/中金/申万宏源,中国银河证券青岛开发区证券营业部,中国银河证券青岛开发区证券营业部,证券营业部,黄岛区,P4 备查,P4,S 极难,强卡：硕士/双一流倾向,财富管理、客户运营、综合管理,备查｜价值:C,https://www.chinastock.com.cn/newsite/online/branchNetwork.html,1,官网优先；需在投递或启用监控前复核入口有效性,false
1c97849ab982,322,中央汇金/银河/中金/申万宏源,申万宏源证券有限公司青岛分公司/营业部,申万宏源证券有限公司青岛分公司营业部,证券分公司/营业部,青岛,P4 备查,P4,S 极难,强卡：硕士/双一流倾向,财富管理、投行、合规、运营,备查｜价值:B,"https://www.swhysc.com/
https://www.csrc.gov.cn/qingdao/c104024/c7635812/content.shtml",2,官网优先；需在投递或启用监控前复核入口有效性,false
e3496be17002,323,中核集团,中核检修北方分公司,中核检修北方分公司,分公司/检修服务,青岛，待核,P2 可投/跟踪,P2,C 相对友好,弱卡：技能/经验优先,检修运维、安全管理、综合管理,可投/跟踪｜投递前核股权｜价值:B,https://www.cnnc.com.cn/,1,官网优先；需在投递或启用监控前复核入口有效性,false
c797a60525fb,324,中核集团,中核青岛科技园,中核青岛科技园,科技园/平台,西海岸新区,P2 可投/跟踪,P2,C 相对友好,弱卡：技能/经验优先,园区运营、能源科技、综合管理,可投/跟踪｜投递前核股权｜价值:B,https://www.cnnc.com.cn/,1,官网优先；需在投递或启用监控前复核入口有效性,false
36e804edda0e,325,中石油,中国石油山东青岛销售分公司,中国石油山东青岛销售分公司,分公司/销售主体,青岛,P2 可投/跟踪,P2,C 相对友好,弱卡：技能/经验优先,综合管理、信息化、销售运营、安全管理,可投/跟踪｜投递前核股权｜价值:B,https://www.cnpc.com.cn/,1,官网优先；需在投递或启用监控前复核入口有效性,false
ebd1805cc1f7,326,中石油,山东胶州中石油第七建设公司线索,山东胶州中石油第七建设公司线索,工程主体/待核,胶州市,P3 低优先,P3,B 中等,弱中卡：本科起，专业匹配,工程管理、安全管理、综合管理,低频查看｜投递前核股权｜价值:B,https://www.cnpc.com.cn/,1,官网优先；需在投递或启用监控前复核入口有效性,false
c7ccec66f54a,327,中粮集团,中粮可口可乐饮料（青岛）有限公司,中粮可口可乐饮料青岛有限公司,饮料制造公司,青岛,P2 可投/跟踪,P2,A 较难,中卡：本科起，硕士加分,供应链、综合管理、信息化、市场运营,可投/跟踪｜投递前核股权｜价值:B,https://www.cofco.com/,1,官网优先；需在投递或启用监控前复核入口有效性,false
00d479d21b0f,328,中粮集团,中粮粮油（青岛）有限公司,中粮粮油青岛有限公司,粮油贸易/加工,青岛,P3 低优先,P3,B 中等,弱中卡：本科起，专业匹配,粮油贸易、供应链、综合管理,低频查看｜投递前核股权｜价值:B,https://www.cofco.com/,1,官网优先；需在投递或启用监控前复核入口有效性,false
98247f71f96f,329,中粮集团,中粮黄海粮油（青岛）有限公司,中粮黄海粮油青岛有限公司,油脂加工/粮油公司,青岛,P3 低优先,P3,B 中等,弱中卡：本科起，专业匹配,生产管理、供应链、综合管理,低频查看｜投递前核股权｜价值:B,https://www.cofco.com/,1,官网优先；需在投递或启用监控前复核入口有效性,false
74d0df85cf58,330,五矿集团,五矿物流（青岛）有限公司,五矿物流青岛有限公司,物流公司,青岛,P2 可投/跟踪,P2,C 相对友好,弱卡：技能/经验优先,物流、供应链、信息化,可投/跟踪｜投递前核股权｜价值:B,https://www.minmetals.com/,1,官网优先；需在投递或启用监控前复核入口有效性,false
d48a8e6553c7,331,五矿集团,五矿国际（青岛）有限公司,五矿国际青岛有限公司,贸易公司,青岛,P3 低优先,P3,C 相对友好,弱卡：技能/经验优先,贸易、风控、供应链、综合管理,低频查看｜投递前核股权｜价值:B,https://www.minmetals.com/,1,官网优先；需在投递或启用监控前复核入口有效性,false
aaef1a3465c4,332,五矿集团,五矿地产（青岛）有限公司,五矿地产青岛有限公司,地产公司,青岛,P3 低优先,P3,C 相对友好,弱卡：技能/经验优先,综合管理、项目运营,低频查看｜价值:C,https://www.minmetals.com/,1,官网优先；需在投递或启用监控前复核入口有效性,false
a57d50d7a153,333,五矿集团,五矿证券有限公司山东分公司,五矿证券有限公司山东分公司,证券分公司,青岛,P3 低优先,P3,S 极难,强卡：硕士/双一流倾向,财富管理、投行、合规、综合运营,低频查看｜价值:B,"https://www.wkzq.com.cn/
https://www.csrc.gov.cn/qingdao/c104024/c7635812/content.shtml",2,官网优先；需在投递或启用监控前复核入口有效性,false
79ba23ee6336,334,五矿集团,五矿钢铁青岛有限公司,五矿钢铁青岛有限公司,钢铁贸易公司,青岛,P3 低优先,P3,C 相对友好,弱卡：技能/经验优先,贸易、供应链、风控、综合管理,低频查看｜投递前核股权｜价值:B,https://www.minmetals.com/,1,官网优先；需在投递或启用监控前复核入口有效性,false
6076b8a49be1,335,北京市国资背景,华夏银行青岛分行,华夏银行青岛分行,分行,青岛,P2 可投/跟踪,P2,S 极难,强卡：硕士/双一流倾向,金融科技、运营、风险合规,可投/跟踪｜价值:B,"https://www.qdjqt.com/jinrongjigou.html
https://zhaopin.hxb.com.cn/",2,官网优先；需在投递或启用监控前复核入口有效性,false
de9b0c8bd6d2,336,华电集团,华电青岛发电有限公司,华电青岛发电有限公司,发电公司,青岛,P2 可投/跟踪,P2,C 相对友好,弱卡：技能/经验优先,电厂信息化、安全生产、综合管理,可投/跟踪｜投递前核股权｜价值:B,https://www.chd.com.cn/,1,官网优先；需在投递或启用监控前复核入口有效性,false
972dae5d5b9d,337,华能集团,华能青岛热电有限公司,华能青岛热电有限公司,热电公司,青岛,P2 可投/跟踪,P2,C 相对友好,弱卡：技能/经验优先,电厂信息化、安全生产、综合管理,可投/跟踪｜投递前核股权｜价值:B,https://www.chng.com.cn/,1,官网优先；需在投递或启用监控前复核入口有效性,false
6e62e28cf82f,338,华能集团,华能青岛港务有限公司,华能青岛港务有限公司,港务/能源配套,青岛,P3 低优先,P3,C 相对友好,弱卡：技能/经验优先,港务运营、综合管理、安全管理,低频查看｜投递前核股权｜价值:B,https://www.chng.com.cn/,1,官网优先；需在投递或启用监控前复核入口有效性,false
6d65b3a8b46a,339,即墨区城市开发/旅游平台,即墨国际商贸城开发投资有限公司,即墨国际商贸城开发投资有限公司,商贸城开发投资平台,即墨区,P2 可投/跟踪,P2,C 相对友好,弱卡：技能/经验优先,商贸园区、项目管理、运营管理、综合管理,可投/跟踪｜投递前核股权｜价值:B,https://www.jimo.gov.cn/zwgk/fdzwgk/gzgq/shzr/202312/t20231222_7737270.shtml,1,官网优先；需在投递或启用监控前复核入口有效性,false
ea1ca3c38e5e,340,即墨区城市开发/旅游平台,青岛市即墨区城市开发投资有限公司,青岛市即墨区城市开发投资有限公司,区属城投平台,即墨区,P2 可投/跟踪,P2,C 相对友好,弱卡：技能/经验优先,城市开发、项目管理、综合管理、融资财务,可投/跟踪｜投递前核股权｜价值:A,"https://static.sse.com.cn/bond/bridge2/disclosure/announcement/c/202406/035533_20240624_XSUU.pdf
https://www.jimo.gov.cn/zwgk/fdzwgk/gzgq/shzr/202312/t20231222_7737270.shtml",2,官网优先；需在投递或启用监控前复核入口有效性,false
3c66981de66b,341,即墨区城市开发/旅游平台,青岛市即墨区城市旅游开发投资有限公司,青岛市即墨区城市旅游开发投资有限公司,区属文旅/城投平台,即墨区,P2 可投/跟踪,P2,C 相对友好,弱卡：技能/经验优先,文旅运营、融资财务、综合管理、项目管理,可投/跟踪｜投递前核股权｜价值:A,"https://www.jimo.gov.cn/zwgk/fdzwgk/gzgq/shzr/202312/t20231222_7737270.shtml
https://www.jimo.gov.cn/zwzt/jycy/zpxx/yqzp/",2,官网优先；需在投递或启用监控前复核入口有效性,false
0018516de7b9,342,即墨区城市开发/旅游平台,山东省鑫诚恒业集团有限公司,山东省鑫诚恒业集团有限公司,区属/混改投资主体线索,即墨区,P3 低优先,P3,C 相对友好,弱卡：技能/经验优先,产业投资、综合管理、风控,低频查看｜投递前核股权｜价值:B,https://www.jimo.gov.cn/zwgk/fdzwgk/gzgq/shzr/202312/t20231222_7737270.shtml,1,官网优先；需在投递或启用监控前复核入口有效性,false
afe9454f243f,343,国家能源集团,国华投资山东分公司/青岛海上风电线索,国华投资山东分公司青岛海上风电线索,分公司/项目主体,青岛，待核,P2 可投/跟踪,P2,C 相对友好,弱卡：技能/经验优先,新能源、项目管理、信息化,可投/跟踪｜投递前核股权｜价值:B,https://www.ceic.com/,1,官网优先；需在投递或启用监控前复核入口有效性,false
d618dff82d35,344,国机集团,青岛宏大纺织机械有限责任公司,青岛宏大纺织机械有限责任公司,制造业公司,崂山区/青岛待核,P2 可投/跟踪,P2,C 相对友好,弱卡：技能/经验优先,制造业信息化、机械、综合管理,可投/跟踪｜投递前核股权｜价值:B,https://www.sinomach.com.cn/,1,官网优先；需在投递或启用监控前复核入口有效性,false
2d78a9369ecb,345,大唐集团,大唐山东发电有限公司,大唐山东发电有限公司,区域公司线索,青岛，待核,P2 可投/跟踪,P2,C 相对友好,弱卡：技能/经验优先,电力信息化、综合管理、项目管理,可投/跟踪｜投递前核股权｜价值:B,https://www.china-cdt.com/,1,官网优先；需在投递或启用监控前复核入口有效性,false
3ebefedd44f6,346,山东,齐鲁银行青岛分行,齐鲁银行青岛分行,分行,青岛,P2 可投/跟踪,P2,S 极难,强卡：硕士/双一流倾向,运营支持、风险合规、信息科技,可投/跟踪｜价值:B,"https://www.qdjqt.com/jinrongjigou.html
https://www.qlbchina.com/qlbchina/index.html",2,官网优先；需在投递或启用监控前复核入口有效性,false
994a9631f7ec,347,山东出版集团,山东出版集团青岛业务/青岛岗位线索,山东出版集团青岛业务青岛岗位线索,省属出版集团业务线索,青岛待核,P2 可投/跟踪,P2,C 相对友好,弱卡：技能/经验优先,编辑出版、数字内容、运营、综合管理,可投/跟踪｜投递前核股权｜价值:C,https://jnhrss.jinan.gov.cn/col/col18310/art/2026/art_fce8c394719247409babb291698518d8.html,1,官网优先；需在投递或启用监控前复核入口有效性,false
02e1b607668a,348,山东土地集团,山东土地青岛科创中心,山东土地青岛科创中心,科创/土地平台,青岛,P2 可投/跟踪,P2,C 相对友好,弱卡：技能/经验优先,园区运营、土地开发、综合管理,可投/跟踪｜投递前核股权｜价值:B,https://www.sdtdfz.com/,1,官网优先；需在投递或启用监控前复核入口有效性,false
7b1cbf750a03,349,山东土地集团,山东土地集团青岛西海岸新区公司,山东土地集团青岛西海岸新区公司,区域公司/项目公司,西海岸新区,P3 低优先,P3,C 相对友好,弱卡：技能/经验优先,土地开发、项目管理、综合管理,低频查看｜投递前核股权｜价值:B,https://www.sdtdfz.com/,1,官网优先；需在投递或启用监控前复核入口有效性,false
c2ff40e02002,350,山东环保集团,青岛东正环保科技有限公司,青岛东正环保科技有限公司,环保科技公司,青岛，待核,P2 可投/跟踪,P2,C 相对友好,弱卡：技能/经验优先,环保信息化、项目管理、安全环保、综合管理,可投/跟踪｜投递前核股权｜价值:B,https://gzw.shandong.gov.cn/,1,官网优先；需在投递或启用监控前复核入口有效性,false
6fc2ca961b38,351,山东省农业发展集团,山东种业集团（青岛）现代农业有限公司,山东种业集团青岛现代农业有限公司,农业科技公司,崂山区,P2 可投/跟踪,P2,C 相对友好,弱卡：技能/经验优先,农业科技、综合管理、运营,可投/跟踪｜投递前核股权｜价值:B,https://gzw.shandong.gov.cn/,1,官网优先；需在投递或启用监控前复核入口有效性,false
2080afa51f45,352,山东省国资背景,恒丰银行青岛分行,恒丰银行青岛分行,分行,青岛,P2 可投/跟踪,P2,S 极难,强卡：硕士/双一流倾向,金融科技、风险合规、客户经理,可投/跟踪｜价值:B,"https://www.qdjqt.com/jinrongjigou.html
https://www.hfbank.com.cn/",2,官网优先；需在投递或启用监控前复核入口有效性,false
c49a7638b2d3,353,山东省新动能基金管理,青岛基金/项目线索待核,青岛基金项目线索待核,基金平台,青岛待核,P2 可投/跟踪,P2,C 相对友好,弱卡：技能/经验优先,投资、风控,可投/跟踪｜价值:C,https://gzw.shandong.gov.cn/,1,官网优先；需在投递或启用监控前复核入口有效性,false
314da846209a,354,山东省水利勘测设计院,青岛分公司线索,青岛分公司线索,分公司/待核,青岛，待核,P2 可投/跟踪,P2,C 相对友好,弱卡：技能/经验优先,工程信息化、设计咨询、综合管理,可投/跟踪｜价值:B,https://gzw.shandong.gov.cn/,1,官网优先；需在投递或启用监控前复核入口有效性,false
95b5cf58528f,355,山东省科创集团,山东山科智慧私募基金管理有限公司,山东山科智慧私募基金管理有限公司,基金管理公司,青岛，待核,P2 可投/跟踪,P2,C 相对友好,弱卡：技能/经验优先,投资风控、综合管理,可投/跟踪｜投递前核股权｜价值:B,https://gzw.shandong.gov.cn/,1,官网优先；需在投递或启用监控前复核入口有效性,false
471cb416595f,356,山东省科创集团,青岛西海岸新区战略新兴产业培育孵化基地,青岛西海岸新区战略新兴产业培育孵化基地,产业孵化平台,西海岸新区,P2 可投/跟踪,P2,B 中等,弱中卡：本科起，专业匹配,产业运营、招商、综合管理、数据治理,可投/跟踪｜投递前核股权｜价值:B,https://gzw.shandong.gov.cn/,1,官网优先；需在投递或启用监控前复核入口有效性,false
7a3fd0ae11d2,357,山东钢铁集团,山钢国贸青岛物流有限公司,山钢国贸青岛物流有限公司,物流/贸易公司,青岛,P2 可投/跟踪,P2,C 相对友好,弱卡：技能/经验优先,贸易物流、综合管理、信息化,可投/跟踪｜投递前核股权｜价值:B,https://www.shansteelgroup.com/,1,官网优先；需在投递或启用监控前复核入口有效性,false
9f00f8453676,358,山东钢铁集团,山钢青岛经贸有限公司,山钢青岛经贸有限公司,贸易公司,青岛,P3 低优先,P3,C 相对友好,弱卡：技能/经验优先,贸易、供应链、综合管理,低频查看｜投递前核股权｜价值:B,https://www.shansteelgroup.com/,1,官网优先；需在投递或启用监控前复核入口有效性,false
9a3dc2c70970,359,山东黄金集团,山东黄金矿业（青岛）有限公司/莱西平度矿业主体,山东黄金矿业青岛有限公司莱西平度矿业主体,矿业公司,莱西/平度,P2 可投/跟踪,P2,B 中等,弱中卡：本科起，专业匹配,安全管理、综合管理、信息化,可投/跟踪｜投递前核股权｜价值:B,https://www.sd-gold.com/,1,官网优先；需在投递或启用监控前复核入口有效性,false
6acc437957c5,360,山东黄金集团,山东黄金集团青岛黄金有限公司,山东黄金集团青岛黄金有限公司,黄金/贸易零售线索,青岛,P3 低优先,P3,C 相对友好,弱卡：技能/经验优先,综合管理、运营,低频查看｜价值:C,https://www.sd-gold.com/,1,官网优先；需在投递或启用监控前复核入口有效性,false
078ba3b5f07a,361,平度国资平台,平度市城市开发集团有限公司,平度市城市开发集团有限公司,城市开发集团,平度市,P2 可投/跟踪,P2,C 相对友好,弱卡：技能/经验优先,城市开发、项目管理、综合管理、招采,可投/跟踪｜投递前核股权｜价值:A,https://fenbi.com/page/fenxiaozhaokaodetail/4/0/465104203697152,1,官网优先；需在投递或启用监控前复核入口有效性,false
35036df2d8b1,362,平度国资平台,青岛平度控股集团有限公司,青岛平度控股集团有限公司,区县平台集团,平度市,P2 可投/跟踪,P2,C 相对友好,弱卡：技能/经验优先,产业投资、城市运营、综合管理、项目管理,可投/跟踪｜投递前核股权｜价值:A,https://www.gaoxiaojob.com/company/detail/27780.html,1,官网优先；需在投递或启用监控前复核入口有效性,false
bee936b4360e,363,水发集团,青岛市水利勘测设计研究院相关线索,青岛市水利勘测设计研究院相关线索,设计院线索,青岛,P2 可投/跟踪,P2,C 相对友好,强卡：硕士/双一流倾向,工程信息化、设计咨询、综合管理,可投/跟踪｜投递前核股权｜价值:B,https://www.shuifa.cn/,1,官网优先；需在投递或启用监控前复核入口有效性,false
fe7d1c52c13c,364,水发集团,水发浩海青岛相关主体,水发浩海青岛相关主体,水务/环保线索,青岛，待核,P3 低优先,P3,C 相对友好,弱卡：技能/经验优先,水务、环保、项目管理,低频查看｜投递前核股权｜价值:B,https://www.shuifa.cn/,1,官网优先；需在投递或启用监控前复核入口有效性,false
4d89c08f21df,365,水发集团,青岛水发环保资源有限公司,青岛水发环保资源有限公司,环保资源公司,青岛，待核,P3 低优先,P3,C 相对友好,弱卡：技能/经验优先,水务环保、工程管理、综合管理,低频查看｜投递前核股权｜价值:B,https://www.shuifa.cn/,1,官网优先；需在投递或启用监控前复核入口有效性,false
362dce5da9b0,366,莱西国资平台,莱西市国有资产投资服务中心,莱西市国有资产投资服务中心,国资出资/服务机构,莱西市,P2 可投/跟踪,P2,C 相对友好,强卡：硕士/双一流倾向,信息源监控、国企出资人线索,可投/跟踪｜价值:B,https://www.gaoxiaojob.com/announcement/detail/29506.html,1,官网优先；需在投递或启用监控前复核入口有效性,false
f215b962797d,367,莱西国资平台,莱西市财通投资发展有限公司/莱西财通线索,莱西市财通投资发展有限公司莱西财通线索,投资平台/待核,莱西市,P2 可投/跟踪,P2,C 相对友好,弱卡：技能/经验优先,投资运营、综合管理、财务风控,可投/跟踪｜投递前核股权｜价值:B,https://www.gaoxiaojob.com/announcement/detail/29506.html,1,官网优先；需在投递或启用监控前复核入口有效性,false
ff83177e6770,368,青岛东方影都/影视产业平台,青岛东方影都产业控股集团有限公司,青岛东方影都产业控股集团有限公司,影视产业平台,西海岸新区,P2 可投/跟踪,P2,C 相对友好,弱卡：技能/经验优先,数字影棚、文娱科技、运营管理、综合管理,可投/跟踪｜投递前核股权｜价值:B,"https://www.sdxc.gov.cn/fzgg/whxm/202402/t20240202_13616646.htm
https://qzpta39.chinasyks.org.cn/cn_xha/xha.html",2,官网优先；需在投递或启用监控前复核入口有效性,false
5a4f95068e02,369,青岛军民融合发展集团,青岛军民融合发展集团有限公司,青岛军民融合发展集团有限公司,区直属国有企业,西海岸新区,P2 可投/跟踪,P2,B 中等,弱中卡：本科起，专业匹配,融合创新、项目管理、装备保障、投资、综合管理,可投/跟踪｜投递前核股权｜价值:A,"https://www.qdrfgroup.com/about.html
https://qzpta39.chinasyks.org.cn/cn_xha/xha.html",2,官网优先；需在投递或启用监控前复核入口有效性,false
fce5a447409e,370,青岛动车小镇投资集团,青岛动车小镇投资集团有限公司,青岛动车小镇投资集团有限公司,基础设施/园区载体建设主体,城阳区,P2 可投/跟踪,P2,B 中等,弱中卡：本科起，专业匹配,轨道交通产业园、项目管理、综合管理、产业运营,可投/跟踪｜投递前核股权｜价值:A,https://file.finance.sina.com.cn/211.154.219.97%3A9494/MRGG/BOND/2024/2024-6/2024-06-27/20504137.PDF,1,官网优先；需在投递或启用监控前复核入口有效性,false
24a01ad085bf,371,青岛动车小镇投资集团,青岛北岸控股集团有限责任公司,青岛北岸控股集团有限责任公司,区属国有独资投资控股集团,城阳区,P2 可投/跟踪,P2,C 相对友好,弱卡：技能/经验优先,投资、产业园、总部管理、综合管理,可投/跟踪｜投递前核股权｜价值:A,https://www.aiqicha.com/company_detail_41413532929052?tab=dataAnalysis,1,官网优先；需在投递或启用监控前复核入口有效性,false
5be1ae067ad8,372,青岛动车小镇投资集团,青岛顺安热电有限公司,青岛顺安热电有限公司,热电子公司,城阳区,P2 可投/跟踪,P2,C 相对友好,弱卡：技能/经验优先,热力电力、运行管理、信息化、安全管理,可投/跟踪｜价值:B,https://pdf.dfcfw.com/pdf/H2_AN202312081613647545_1.pdf,1,官网优先；需在投递或启用监控前复核入口有效性,false
9d2f08007c41,373,青岛地铁集团,通号青铁低空交通（青岛）科技有限公司,通号青铁低空交通青岛科技有限公司,央地合资低空交通科技公司,崂山区,P2 可投/跟踪,P2,A 较难,中卡：本科起，硕士加分,低空飞行管控平台、飞行服务平台、低空智联网、系统集成、平台安全；关键词：低空管控平台、飞行服务、云平台、网络安全、系统集成、数据治理,可投/跟踪｜投递前核股权｜价值:A,https://static.nfnews.com/content/202412/28/c10384233.html?enterColumnId=27522,1,官网优先；需在投递或启用监控前复核入口有效性,false
3aa88c85e6e1,374,青岛地铁集团,青岛地空产融发展有限公司,青岛地空产融发展有限公司,地铁集团低空产业/产融平台线索,青岛/待核,P2 可投/跟踪,P2,A 较难,中卡：本科起，硕士加分,低空经济产业运营、产业基金、项目管理、数据化运营；关键词：低空经济、产融、项目管理、产业运营、信息化,可投/跟踪｜投递前核股权｜价值:A,https://news.iqilu.com/shandong/shandonggedi/20250623/5824867.shtml,1,官网优先；需在投递或启用监控前复核入口有效性,false
e0b6a5992b05,375,青岛地铁集团,青岛青铁低空产业发展有限公司,青岛青铁低空产业发展有限公司,地铁集团间接全资低空产业公司,青岛/待核,P2 可投/跟踪,P2,A 较难,中卡：本科起，硕士加分,低空经济运营、空域/航线平台、无人机应用、数据平台、网络安全；关键词：低空经济、无人机、平台运营、网络安全、数据、系统集成,可投/跟踪｜投递前核股权｜价值:A,https://news.iqilu.com/shandong/shandonggedi/20250623/5824867.shtml,1,官网优先；需在投递或启用监控前复核入口有效性,false
91e5eba172f6,376,青岛城阳市政开发建设集团,青岛城阳市政开发建设投资集团有限公司,青岛城阳市政开发建设投资集团有限公司,市政开发建设平台,城阳区,P2 可投/跟踪,P2,C 相对友好,弱卡：技能/经验优先,市政建设、项目管理、园区运营、综合管理,可投/跟踪｜投递前核股权｜价值:A,"https://pdf.dfcfw.com/pdf/H2_AN202312081613647545_1.pdf
https://campus.51job.com/2022qdcycf",2,官网优先；需在投递或启用监控前复核入口有效性,false
e5f830dde8bd,377,青岛崂山旅游集团,青岛崂山旅游集团有限公司,青岛崂山旅游集团有限公司,区属旅游平台,崂山区,P2 可投/跟踪,P2,B 中等,弱中卡：本科起，专业匹配,文旅运营、市场、综合管理、数字化运营,可投/跟踪｜投递前核股权｜价值:B,"https://cj.sina.cn/articles/view/1893761531/70e081fb02002zhhi?froms=ggmp
https://news.qq.com/rain/a/20250906A01U7700",2,官网优先；需在投递或启用监控前复核入口有效性,false
a32bd094a7de,378,青岛市北城市发展集团,青岛市北城市发展集团有限公司,青岛市北城市发展集团有限公司,区属平台公司,市北区,P2 可投/跟踪,P2,C 相对友好,弱卡：技能/经验优先,城市更新、开发建设、综合管理、项目管理,可投/跟踪｜投递前核股权｜价值:A,https://www.qcc.com/firm/942f9f16efa052598483391394d85cc7.html,1,官网优先；需在投递或启用监控前复核入口有效性,false
d2721df3750c,379,青岛市北建设投资集团,青岛市北建设投资集团有限公司,青岛市北建设投资集团有限公司,区属国有资本投资运营公司,市北区,P2 可投/跟踪,P2,A 较难,中卡：本科起，硕士加分,城市更新、产业园区、数字经济、项目管理、综合管理,可投/跟踪｜投递前核股权｜价值:A,https://www.gaoxiaojob.com/company/detail/9867.html,1,官网优先；需在投递或启用监控前复核入口有效性,false
442794681c44,380,青岛市政空间开发集团,青岛市政空间开发集团有限责任公司,青岛市政空间开发集团有限责任公司,集团,青岛,P2 可投/跟踪,P2,C 相对友好,弱卡：技能/经验优先,工程管理、招采、综合管理、信息化,可投/跟踪｜投递前核股权｜价值:B,https://www.gsxt.gov.cn/,1,官网优先；需在投递或启用监控前复核入口有效性,false
19b736641b7e,381,青岛红建投资控股集团,青岛红建投资控股集团有限公司,青岛红建投资控股集团有限公司,国有独资城市开发平台,城阳/红岛,P2 可投/跟踪,P2,B 中等,弱中卡：本科起，专业匹配,城市更新、产业载体、项目管理、综合管理、招采,可投/跟踪｜投递前核股权｜价值:A,"https://static.sse.com.cn/bond/bridge2/disclosure/announcement/c/202306/025883_20230616_XVO7.pdf
https://vote1.qingdaonews.com/branch/news/202207/2022city/pcDetail.php?uid=1047",2,官网优先；需在投递或启用监控前复核入口有效性,false
29f85c5eaa71,382,青岛红建投资控股集团,青岛红建北部城区开发有限公司,青岛红建北部城区开发有限公司,开发建设子公司,城阳/红岛,P3 低优先,P3,C 相对友好,弱卡：技能/经验优先,开发建设、项目管理、招采、综合管理,低频查看｜投递前核股权｜价值:B,https://vote1.qingdaonews.com/branch/news/202207/2022city/pcDetail.php?uid=1047,1,官网优先；需在投递或启用监控前复核入口有效性,false
4f3e6ad9c837,383,青岛红建投资控股集团,青岛红建物业有限公司,青岛红建物业有限公司,物业子公司,城阳/红岛,P3 低优先,P3,C 相对友好,弱卡：技能/经验优先,物业管理、综合管理、运营,低频查看｜价值:C,https://vote1.qingdaonews.com/branch/news/202207/2022city/pcDetail.php?uid=1047,1,官网优先；需在投递或启用监控前复核入口有效性,false
6b93e2480c7c,384,青岛红星化工集团,青岛红星化工集团有限责任公司,青岛红星化工集团有限责任公司,集团,青岛,P2 可投/跟踪,P2,C 相对友好,弱卡：技能/经验优先,安全环保、综合管理、信息化、生产管理,可投/跟踪｜投递前核股权｜价值:B,https://www.gsxt.gov.cn/,1,官网优先；需在投递或启用监控前复核入口有效性,false
7a0346379568,385,青岛红星化工集团,青岛红蝶新材料有限公司,青岛红蝶新材料有限公司,红星集团下属新材料公司,青岛,P2 可投/跟踪,P2,C 相对友好,弱卡：技能/经验优先,新材料制造、工业信息化、设备运维、综合管理,新增｜跟踪招聘｜价值:B,https://www.bianzhia.com/zt/gqqingdao/index_2.html,1,官网优先；需在投递或启用监控前复核入口有效性,false
8e93a7c90fa0,386,青岛融汇财富投资控股集团,青岛融汇财富投资控股集团有限公司,青岛融汇财富投资控股集团有限公司,投资控股集团,市北区,P2 可投/跟踪,P2,B 中等,弱中卡：本科起，专业匹配,股权投资、资产管理、资本运营、风控、综合管理,可投/跟踪｜投递前核股权｜价值:A,"https://www.qixin.com/company/63f01b1c-e3e7-49db-9582-6725e0b26740
https://m.liepin.com/company/13032133/",2,官网优先；需在投递或启用监控前复核入口有效性,false
1d386bb0d3a2,387,青岛融海国有资本投资运营,青岛融海国有资本投资运营有限公司,青岛融海国有资本投资运营有限公司,国有资本投资运营平台,李沧区,P2 可投/跟踪,P2,A 较难,中卡：本科起，专业/经历匹配,资产运营、项目管理、综合管理、风控,可投/跟踪｜投递前核股权｜价值:B,https://www.cls.cn/detail/1388433,1,官网优先；需在投递或启用监控前复核入口有效性,false
9ee1610611e3,388,青岛融海国有资本投资运营,青岛融海投资控股有限公司,青岛融海投资控股有限公司,投资控股子公司,李沧区,P3 低优先,P3,A 较难,强卡：硕士/双一流倾向,投资管理、资产运营、综合管理,低频查看｜投递前核股权｜价值:B,https://www.cls.cn/detail/1388433,1,官网优先；需在投递或启用监控前复核入口有效性,false
a20a9e0af0a9,389,青岛西海岸交通投资集团,青岛西海岸交通投资集团有限公司,青岛西海岸交通投资集团有限公司,区属交通投资集团,西海岸新区,P2 可投/跟踪,P2,C 相对友好,弱卡：技能/经验优先,交通项目管理、招采、综合管理、运营管理,可投/跟踪｜投递前核股权｜价值:A,"https://www.qdxjtgroup.com/
https://www.gaoxiaojob.com/announcement/detail/209627.html",2,官网优先；需在投递或启用监控前复核入口有效性,false
53e1cd122953,390,青岛财通集团/金融平台,青岛普惠联合投资有限公司,青岛普惠联合投资有限公司,青岛多家市属国企联合设立的百亿级投资平台,崂山区/金家岭金融区,P2 可投/跟踪,P2,C 相对友好,弱卡：技能/经验优先,资本运作、资产管理、企业管理咨询、融资服务、产业投资,新增待核｜观察招聘｜价值:B,https://finance.qingdaonews.com/wap/2026-06/16/content_23740269.htm,1,官网优先；需在投递或启用监控前复核入口有效性,false
86f43c07a25a,391,青岛财通集团/金融平台,青岛青融普惠投资发展合伙企业（有限合伙）,青岛青融普惠投资发展合伙企业有限合伙,青岛融资担保集团全资子公司作为执行事务合伙人的普惠投资平台,市南区/青岛,P2 可投/跟踪,P2,C 相对友好,强卡：硕士/双一流倾向,政府性融资担保、风控、资本运作、金融科技、数据风控、综合管理,新增待核｜跟踪招聘｜价值:B,https://www.dailyqd.com/guanhai/457611_1.html,1,官网优先；需在投递或启用监控前复核入口有效性,false
c32cae23391a,392,青岛财通集团/金融平台,青岛市农业融资担保有限责任公司,青岛市农业融资担保有限责任公司,政策性农业融资担保平台,青岛,P1 优先,P1,B 中等,强卡：硕士/双一流倾向,融资担保、风控合规、金融科技、数据分析,新增｜重点跟踪｜价值:A,https://www.bianzhia.com/zt/gqqingdao/index_3.html,1,官网优先；需在投递或启用监控前复核入口有效性,true
763f97696562,393,青岛高新实业集团,青岛高新实业集团有限公司,青岛高新实业集团有限公司,高新区实业平台,高新区/城阳,P2 可投/跟踪,P2,C 相对友好,弱卡：技能/经验优先,公用事业、产业招商、投资促进、资本运营、综合管理,可投/跟踪｜投递前核股权｜价值:A,"https://www.qdgsjt.com/about/
https://m.liepin.com/company/7989954/",2,官网优先；需在投递或启用监控前复核入口有效性,false
736a0e3b946c,394,中华联合保险,中华联合财产保险股份有限公司青岛分公司,中华联合财产保险股份有限公司青岛分公司,财险分公司,市南区,P3 低优先,P3,C 相对友好,弱卡：技能/经验优先,风控、理赔、合规、运营,低频查看｜价值:B,"https://www.coamc.com.cn/jgwl/qd/201403/t20140307_48409.htm
https://e.cic.cn/",2,官网优先；需在投递或启用监控前复核入口有效性,false
82451c750cb4,395,中国中化,中化国际（青岛）有限公司,中化国际青岛有限公司,化工贸易,青岛,P3 低优先,P3,C 相对友好,弱卡：技能/经验优先,化工贸易、风控、综合管理,低频查看｜投递前核股权｜价值:B,https://www.sinochem.com/,1,官网优先；需在投递或启用监控前复核入口有效性,false
30c0f5cc4f2a,396,中国中化,中化学交通建设集团有限公司,中化学交通建设集团有限公司,工程建设公司,西海岸新区,P3 低优先,P3,C 相对友好,弱卡：技能/经验优先,工程管理、招采、安全管理、综合管理,低频查看｜投递前核股权｜价值:B,https://www.cncec.com.cn/,1,官网优先；需在投递或启用监控前复核入口有效性,false
af2831f876f4,397,中国中化,中化石油（青岛）有限公司,中化石油青岛有限公司,能源贸易/成品油,青岛,P3 低优先,P3,C 相对友好,弱卡：技能/经验优先,成品油、供应链、综合管理,低频查看｜投递前核股权｜价值:B,https://www.sinochem.com/,1,官网优先；需在投递或启用监控前复核入口有效性,false
ea055f31cc94,398,中国中化,中国金茂青岛公司/项目,中国金茂青岛公司项目,地产/城市运营,青岛,P3 低优先,P3,C 相对友好,弱卡：技能/经验优先,综合管理、项目运营,低频查看｜价值:C,https://www.sinochem.com/,1,官网优先；需在投递或启用监控前复核入口有效性,false
5dbaf55707b9,399,中国人寿集团,中国人寿保险股份有限公司青岛市分公司,中国人寿保险股份有限公司青岛市分公司,寿险分公司,青岛,P3 低优先,P3,C 相对友好,弱卡：技能/经验优先,运营管理、合规、综合管理、客户服务,低频查看｜价值:B,"https://chinalife.zhiye.com/custom/intern?ClassificationTwo=1234&hideMenu=1
https://chinalife.zhiye.com/",2,官网优先；需在投递或启用监控前复核入口有效性,false
91125d46e90e,400,中国信达资产,中国信达资产管理股份有限公司山东省分公司,中国信达资产管理股份有限公司山东省分公司,省级分公司,济南/青岛业务待核,P3 低优先,P3,C 相对友好,弱卡：技能/经验优先,不良资产、投资、法务、风险管理,低频查看｜价值:B,"https://www.cinda.com.cn/
https://www.cinda.com.cn/home/wap/cn/xdjt/xdjtpd/rczp/20221014/237686.shtml",2,官网优先；需在投递或启用监控前复核入口有效性,false
fc7e88ef3e58,401,中国广核集团,中广核新能源山东/青岛项目线索,中广核新能源山东青岛项目线索,项目线索,青岛，待核,P3 低优先,P3,C 相对友好,弱卡：技能/经验优先,新能源、项目管理,低频查看｜价值:C,https://www.cgnpc.com.cn/,1,官网优先；需在投递或启用监控前复核入口有效性,false
3988295c1a2d,402,中国旅游集团,中国国旅青岛旅行社/中旅投资青岛项目,中国国旅青岛旅行社中旅投资青岛项目,文旅/旅行社,青岛,P3 低优先,P3,C 相对友好,弱卡：技能/经验优先,文旅运营、综合管理,低频查看｜价值:C,https://www.ctg.cn/,1,官网优先；需在投递或启用监控前复核入口有效性,false
92cd36f1f1c2,403,中国长城资产,中国长城资产管理股份有限公司山东省分公司/青岛业务待核,中国长城资产管理股份有限公司山东省分公司青岛业务待核,省级分公司/待核,山东/青岛待核,P3 低优先,P3,C 相对友好,弱卡：技能/经验优先,不良资产、投融资、法务、风控,低频查看｜价值:C,"https://www.china-agrore.com/data/admin/file/2021-11-26/61a095b4b8e4d.pdf
https://gwamcc.zhiye.com/",2,官网优先；需在投递或启用监控前复核入口有效性,false
88825561ba17,404,中国长江三峡集团,山东/青岛新能源项目线索,山东青岛新能源项目线索,项目线索,青岛，待核,P3 低优先,P3,C 相对友好,弱卡：技能/经验优先,新能源、项目管理,低频查看｜价值:C,https://www.ctg.com.cn/,1,官网优先；需在投递或启用监控前复核入口有效性,false
6577d9477187,405,中国黄金,中金珠宝（青岛）有限公司,中金珠宝青岛有限公司,零售/珠宝公司,崂山区,P3 低优先,P3,S 极难,强卡：硕士/双一流倾向,零售运营、综合管理,低频查看｜价值:C,https://www.chinagoldgroup.com/,1,官网优先；需在投递或启用监控前复核入口有效性,false
db0618271728,406,中泰证券/山东国资,中泰证券青岛分公司,中泰证券青岛分公司,金融分公司,青岛,P3 低优先,P3,S 极难,强卡：硕士/双一流倾向,金融合规、运营、客户服务,低频查看｜价值:B,https://www.zts.com.cn/,1,官网优先；需在投递或启用监控前复核入口有效性,false
dba9a8dd49c6,407,中泰证券/山东国资,中泰证券股份有限公司青岛分公司/营业部,中泰证券股份有限公司青岛分公司营业部,证券分公司/营业部,青岛,P4 备查,P4,S 极难,强卡：硕士/双一流倾向,财富管理、合规、运营、投行支持,备查｜价值:B,"https://www.zts.com.cn/
https://www.csrc.gov.cn/qingdao/c104024/c7635812/content.shtml",2,官网优先；需在投递或启用监控前复核入口有效性,false
af35b310ec3c,408,中泰证券/山东国资,中泰证券青岛营业部群,中泰证券青岛营业部群,营业部,青岛多个区,P4 备查,P4,S 极难,强卡：硕士/双一流倾向,金融运营、客户经理、合规,备查｜价值:C,https://www.zts.com.cn/,1,官网优先；需在投递或启用监控前复核入口有效性,false
e82bd0e37be0,409,中盐集团,中盐青岛盐业有限公司,中盐青岛盐业有限公司,盐业公司,青岛,P3 低优先,P3,C 相对友好,弱卡：技能/经验优先,综合管理、供应链,低频查看｜价值:C,https://www.chinasalt.com.cn/,1,官网优先；需在投递或启用监控前复核入口有效性,false
7ec8b7c811c5,410,保利集团,保利发展青岛公司/项目,保利发展青岛公司项目,地产公司/项目,青岛,P3 低优先,P3,C 相对友好,弱卡：技能/经验优先,综合管理、项目运营,低频查看｜价值:C,https://www.polycn.com/,1,官网优先；需在投递或启用监控前复核入口有效性,false
833b82ffdfd2,411,华侨城集团,华侨城青岛文旅项目,华侨城青岛文旅项目,文旅项目,青岛,P3 低优先,P3,C 相对友好,弱卡：技能/经验优先,文旅运营、综合管理,低频查看｜价值:C,https://www.chinaoct.com/,1,官网优先；需在投递或启用监控前复核入口有效性,false
06ea0d4685ab,412,山东产权/国投/华鲁,山东产权交易集团青岛分公司,山东产权交易集团青岛分公司,分公司,青岛,P3 低优先,P3,C 相对友好,弱卡：技能/经验优先,产权交易、风控、招采、综合管理,低频查看｜投递前核股权｜价值:B,https://www.sdcqjy.com/,1,官网优先；需在投递或启用监控前复核入口有效性,false
a83d24ce2a80,413,山东产权/国投/华鲁,青岛华鲁利华置业有限公司,青岛华鲁利华置业有限公司,地产公司,青岛,P3 低优先,P3,C 相对友好,弱卡：技能/经验优先,综合管理、项目运营,低频查看｜价值:C,https://hualuholdings.com/,1,官网优先；需在投递或启用监控前复核入口有效性,false
77e47fa62e3d,414,山东健康集团,青岛西海岸文旅/康养项目线索,青岛西海岸文旅康养项目线索,康养/文旅项目,西海岸新区,P3 低优先,P3,C 相对友好,弱卡：技能/经验优先,康养运营、综合管理,低频查看｜价值:C,https://gzw.shandong.gov.cn/,1,官网优先；需在投递或启用监控前复核入口有效性,false
57b03fd653a1,415,山东健康集团,山东健康集团青岛/医养健康业务线索,山东健康集团青岛医养健康业务线索,省属健康集团业务线索,青岛待核,P4 备查,P4,C 相对友好,弱卡：技能/经验优先,医养信息化、健康数据、后勤/供应链、综合管理；关键词：医养信息化、健康数据、综合管理,备查｜投递前核股权｜价值:C,"https://www.iguopin.com/company?id=10685401944919514
https://www.yunzhirencai.com/wap/index.php?a=show&c=article&id=9810",2,官网优先；需在投递或启用监控前复核入口有效性,false
27fa58839832,416,山东文旅集团,青岛国际高尔夫俱乐部等主体线索,青岛国际高尔夫俱乐部等主体线索,文旅/体育主体,青岛,P3 低优先,P3,C 相对友好,弱卡：技能/经验优先,文旅运营、市场、综合管理,低频查看｜价值:C,https://www.sdwenlv.com/,1,官网优先；需在投递或启用监控前复核入口有效性,false
9ba8fec36b37,417,山东省属金融企业,泰山财产保险股份有限公司青岛分公司,泰山财产保险股份有限公司青岛分公司,财险分公司,青岛,P3 低优先,P3,C 相对友好,弱卡：技能/经验优先,合规、运营、理赔、综合管理,低频查看｜价值:B,"https://www.taishanpic.com.cn/
https://www.nfra.gov.cn/chinese/docfile/2025/5a38f43d0477432db2fad21d0324c0ec.doc",2,官网优先；需在投递或启用监控前复核入口有效性,false
effb13f96082,418,山东财金集团,暂无明确青岛子公司,暂无明确青岛子公司,待核,青岛待核,P3 低优先,P3,C 相对友好,弱卡：技能/经验优先,投资、风控；投资、产业运营；酒店/接待；资产运营、综合管理,低频查看｜价值:C,https://gzw.shandong.gov.cn/,1,官网优先；需在投递或启用监控前复核入口有效性,false
afd21bf144e8,419,泰山保险,泰山保险青岛分公司,泰山保险青岛分公司,保险分公司,青岛,P3 低优先,P3,C 相对友好,弱卡：技能/经验优先,保险运营、合规、综合管理,低频查看｜价值:B,https://www.taishanpic.com.cn/,1,官网优先；需在投递或启用监控前复核入口有效性,false
e4b15144c796,420,航天科工,青岛航天半导体研究所线索,青岛航天半导体研究所线索,研究机构线索,青岛，待核,P3 低优先,P3,C 相对友好,强卡：硕士/双一流倾向,半导体、研发、综合管理,低频查看｜投递前核股权｜价值:B,https://www.casic.com.cn/,1,官网优先；需在投递或启用监控前复核入口有效性,false
0fead4e87cf3,421,青岛东鼎产业发展集团,青岛东鼎产业发展集团有限公司,青岛东鼎产业发展集团有限公司,产业投资集团,青岛,P3 低优先,P3,C 相对友好,弱卡：技能/经验优先,招商、产业运营、综合管理、风控,低频查看｜投递前核股权｜价值:B,https://www.gsxt.gov.cn/,1,官网优先；需在投递或启用监控前复核入口有效性,false
78e9bf06f1d9,422,青岛城市发展集团,青岛城市发展集团有限公司,青岛城市发展集团有限公司,集团,青岛,P3 低优先,P3,C 相对友好,弱卡：技能/经验优先,项目管理、综合管理、招采、运营管理,低频查看｜投递前核股权｜价值:B,https://www.gsxt.gov.cn/,1,官网优先；需在投递或启用监控前复核入口有效性,false
e4ef9b960257,423,青岛城投集团,万丰飞机工业有限公司,万丰飞机工业有限公司,非国企；青岛国资参股/退出中低空产业链企业,崂山区/莱西相关,P3 低优先,P3,A 较难,中卡：本科起，硕士加分,低空经济、通航制造、产业链观察；关键词：低空经济、通航、智能制造、航空器、供应链,低频查看｜投递前核股权｜价值:B,https://finance.qingdaonews.com/wap/2026-05/26/content_23736392.htm,1,官网优先；需在投递或启用监控前复核入口有效性,false
144391cd8e90,424,青岛市属,青岛市政府投资引导基金相关管理机构,青岛市政府投资引导基金相关管理机构,基金管理/待核,青岛,P3 低优先,P3,C 相对友好,弱卡：技能/经验优先,基金运营、投后管理、风控、综合管理,低频查看｜投递前核股权｜价值:B,https://www.qdjqt.com/jinrongjigou.html,1,官网优先；需在投递或启用监控前复核入口有效性,false
f6c17e42225c,425,青岛旅游集团,青岛旅游集团有限公司,青岛旅游集团有限公司,集团,青岛,P3 低优先,P3,C 相对友好,弱卡：技能/经验优先,文旅运营、市场、综合管理,低频查看｜价值:C,https://www.gsxt.gov.cn/,1,官网优先；需在投递或启用监控前复核入口有效性,false
d9dc9242503a,426,青岛旅游集团,青岛海洋文旅产业集团有限公司,青岛海洋文旅产业集团有限公司,海洋旅游/文旅平台公司,青岛,P1 优先,P1,B 中等,弱中卡：本科起，专业匹配,文旅平台运营、数字营销、票务系统、信息化、综合管理,新增｜重点跟踪｜价值:A,https://www.bianzhia.com/zt/gqqingdao/index_2.html,1,官网优先；需在投递或启用监控前复核入口有效性,true
6e6274875faa,427,青岛水务集团,青岛市固体废弃物处置有限责任公司,青岛市固体废弃物处置有限责任公司,固废处置/环境运营公司,青岛,P3 低优先,P3,A 较难,中卡：本科起，硕士加分,固废处置、环保运营、信息化、安全生产、综合管理；关键词：环保运营、信息化、安全生产、运维、综合管理,低频查看｜投递前核股权｜价值:B,https://www.sohu.com/a/1032400521_558640,1,官网优先；需在投递或启用监控前复核入口有效性,false
83d8bdaa640f,428,青岛水务集团,青岛源水投资发展集团有限公司,青岛源水投资发展集团有限公司,水源开发与水利工程投资集团,青岛,P3 低优先,P3,A 较难,中卡：本科起，硕士加分,水务信息化、工程运维、资产管理、综合管理；关键词：水务信息化、工程管理、资产管理、运维、综合管理,低频查看｜投递前核股权｜价值:B,https://news.iqilu.com/shandong/shandonggedi/20250523/5814514.shtml,1,官网优先；需在投递或启用监控前复核入口有效性,false
82d821bbaad3,429,青岛西海岸旅游投资集团,青岛西海岸旅游投资集团有限公司,青岛西海岸旅游投资集团有限公司,文旅投资集团,西海岸新区,P3 低优先,P3,C 相对友好,弱卡：技能/经验优先,文旅运营、市场、综合管理、项目运营,低频查看｜投递前核股权｜价值:B,"https://qzpta39.chinasyks.org.cn/cn_xha/xha.html
https://m.dzplus.dzng.com/share/general/0/NEWS2322980UYBBVZMETQHBY",2,官网优先；需在投递或启用监控前复核入口有效性,false
2e906c2ff21e,430,青岛饮料集团,崂山矿泉水/华东葡萄酒等主体,崂山矿泉水华东葡萄酒等主体,消费品子公司,青岛,P3 低优先,P3,C 相对友好,弱卡：技能/经验优先,市场运营、供应链、综合管理,低频查看｜价值:C,https://www.gsxt.gov.cn/,1,官网优先；需在投递或启用监控前复核入口有效性,false
8768c6137a89,431,青岛饮料集团,青岛饮料集团有限公司,青岛饮料集团有限公司,集团,青岛,P3 低优先,P3,C 相对友好,弱卡：技能/经验优先,品牌、市场、供应链、综合管理,低频查看｜价值:C,https://www.gsxt.gov.cn/,1,官网优先；需在投递或启用监控前复核入口有效性,false
b20b069b9efb,432,鲁商集团,山东省房地产开发集团青岛公司,山东省房地产开发集团青岛公司,地产公司/历史主体,市南区,P3 低优先,P3,C 相对友好,弱卡：技能/经验优先,综合管理、项目运营,低频查看｜价值:C,https://gzw.shandong.gov.cn/,1,官网优先；需在投递或启用监控前复核入口有效性,false
9b26574a7116,433,鲁商集团,鲁商供应链青岛公司,鲁商供应链青岛公司,供应链公司,青岛,P3 低优先,P3,C 相对友好,弱卡：技能/经验优先,供应链、运营、综合管理,低频查看｜投递前核股权｜价值:B,https://www.lushang.com.cn/,1,官网优先；需在投递或启用监控前复核入口有效性,false
e0dd69cf6821,434,上海国资,国泰海通证券股份有限公司青岛南京路证券营业部,国泰海通证券股份有限公司青岛南京路证券营业部,证券营业部,市南区,P4 备查,P4,S 极难,强卡：硕士/双一流倾向,财富管理、客户运营、合规,备查｜价值:C,"https://qd.bendibao.com/wangdian/dian/52928.shtm
https://www.gtht.com/",2,官网优先；需在投递或启用监控前复核入口有效性,false
e5d4423ab703,435,中信建投,中信建投证券股份有限公司青岛分公司/营业部,中信建投证券股份有限公司青岛分公司营业部,证券分公司/营业部,青岛,P4 备查,P4,S 极难,强卡：硕士/双一流倾向,投行、财富管理、合规、综合管理,备查｜价值:B,"https://www.csc108.com/
https://www.csrc.gov.cn/qingdao/c104024/c7635812/content.shtml",2,官网优先；需在投递或启用监控前复核入口有效性,false
5aefa330fd0e,436,国家开发银行系,国开金融/国银金融租赁青岛业务线索,国开金融国银金融租赁青岛业务线索,子公司/业务线索,青岛待核,P4 备查,P4,S 极难,强卡：硕士/双一流倾向,金融租赁、投资、综合管理、风控,备查｜投递前核股权｜价值:C,https://cdb2026.zhaopin.com/index.html,1,官网优先；需在投递或启用监控前复核入口有效性,false
d37e1ef8f1ab,437,青岛市属其他/外经贸,青岛市对外经济贸易财务服务公司,青岛市对外经济贸易财务服务公司,外经贸财务服务国企线索,青岛,P3 低优先,P3,C 相对友好,弱卡：技能/经验优先,财务服务、综合管理、信息化支持,新增｜低频查看｜价值:B,https://www.bianzhia.com/zt/gqqingdao/,1,官网优先；需在投递或启用监控前复核入口有效性,false
e4ea20b90284,438,平度国资平台,青岛领航汇信投资运营集团有限公司,青岛领航汇信投资运营集团有限公司,平度市属投资运营平台,平度市,P1 优先,P1,B 中等,弱中卡：本科起，专业匹配,投资运营、园区平台、信息化、综合管理,新增｜重点跟踪｜价值:A,https://www.bianzhia.com/zt/gqqingdao/index_2.html,1,官网优先；需在投递或启用监控前复核入口有效性,true
611e4f2c4fc4,439,青岛国实科技集团,青岛国实科技集团有限公司,青岛国实科技集团有限公司,市属科技成果转化平台,青岛,P0 必看,P0,A 较难,中卡：本科起，硕士加分,科技成果转化、海洋科技、平台运营、信息化、数据管理,新增｜优先跟踪｜价值:S,https://www.bianzhia.com/zt/gqqingdao/index_3.html,1,官网优先；需在投递或启用监控前复核入口有效性,true
ed09b7c05827,440,市南区属国资,青岛海明城市发展有限公司,青岛海明城市发展有限公司,市南区国有独资城市发展平台,市南区,P1 优先,P1,B 中等,弱中卡：本科起，专业匹配,城市更新、历史城区运营、信息化、综合管理,新增｜重点跟踪｜价值:A,https://www.bianzhia.com/zt/gqqingdao/index_3.html,1,官网优先；需在投递或启用监控前复核入口有效性,true
fd887b545064,441,青岛体育/文体平台,青岛青春能量文化体育发展有限公司,青岛青春能量文化体育发展有限公司,文体运营平台线索,青岛,P3 低优先,P3,C 相对友好,弱卡：技能/经验优先,赛事运营、数字营销、平台运营、综合管理,新增｜低频查看｜价值:B,https://www.bianzhia.com/zt/gqqingdao/index_3.html,1,官网优先；需在投递或启用监控前复核入口有效性,false
2811dcb46909,442,青岛高新实业集团,青岛东风盐业发展有限公司,青岛东风盐业发展有限公司,全资二级/老盐企,高新区,P2 跟踪,P2,B 中等,弱中卡：本科起，专业匹配,生产运营、综合管理、信息化/安全生产数字化,新增补漏｜官网核验｜价值:B,https://www.qdgsjt.com/about/,1,官网优先；需在投递或启用监控前复核入口有效性,false
852b8230830f,443,青岛高新实业集团,青岛海玉制盐有限公司,青岛海玉制盐有限公司,全资二级/老盐企,高新区,P2 跟踪,P2,B 中等,弱中卡：本科起，专业匹配,生产运营、设备管理、信息化,新增补漏｜官网核验｜价值:B,https://www.qdgsjt.com/about/,1,官网优先；需在投递或启用监控前复核入口有效性,false
9c2380ac4c05,444,青岛高新实业集团,青岛高新电力发展有限公司,青岛高新电力发展有限公司,全资二级/公用事业,高新区,P1 优先,P1,B 中等,弱中卡：本科起，专业匹配,电力运维、能源管理、信息化、安防/工控安全,重点跟踪｜看官网/国聘｜价值:A,https://www.qdgsjt.com/about/,1,官网优先；需在投递或启用监控前复核入口有效性,true
c43d34d4cd2e,445,青岛高新实业集团,青岛高实置业有限公司,青岛高实置业有限公司,全资二级/置业平台,高新区,P2 跟踪,P2,B 中等,弱中卡：本科起，专业匹配,工程管理、综合管理、信息化,新增补漏｜低频关注｜价值:B,https://www.qdgsjt.com/about/,1,官网优先；需在投递或启用监控前复核入口有效性,false
5a8d0fb356e5,446,青岛高新实业集团,青岛高实油气有限公司,青岛高实油气有限公司,全资二级/能源服务,高新区,P2 跟踪,P2,B 中等,弱中卡：本科起，专业匹配,油气运营、设备、安全生产、信息化,新增补漏｜低频关注｜价值:B,https://www.qdgsjt.com/about/,1,官网优先；需在投递或启用监控前复核入口有效性,false
20b1caa71550,447,青岛高新实业集团,青岛高新能源有限公司,青岛高新能源有限公司,全资二级/新能源,高新区,P1 优先,P1,B 中等,弱中卡：本科起，专业匹配,新能源运营、项目管理、数字化、工控/安防,重点跟踪｜看招聘入口｜价值:A,https://www.qdgsjt.com/about/,1,官网优先；需在投递或启用监控前复核入口有效性,true
dbad38d4e8ca,448,青岛高新实业集团,青岛高新运营管理有限公司,青岛高新运营管理有限公司,全资二级/园区运营,高新区,P1 优先,P1,B 中等,弱中卡：本科起，专业匹配,园区运营、物业数字化、弱电/信息化,重点跟踪｜看官网/公众号｜价值:A,https://www.qdgsjt.com/about/,1,官网优先；需在投递或启用监控前复核入口有效性,true
48f9a5ad2521,449,青岛高新实业集团,青岛高新创业投资有限公司,青岛高新创业投资有限公司,全资二级/创投平台,高新区,P1 优先,P1,B 中等,强卡：硕士/双一流倾向,投资管理、风控、数据分析、综合管理,重点跟踪｜金融/数据岗｜价值:A,https://www.qdgsjt.com/about/,1,官网优先；需在投递或启用监控前复核入口有效性,true
cda6cf1547c8,450,青岛高新实业集团,青岛高新商务服务有限公司,青岛高新商务服务有限公司,全资二级/商务服务,高新区,P2 跟踪,P2,B 中等,弱中卡：本科起，专业匹配,招商服务、综合管理、信息化支持,新增补漏｜低频关注｜价值:B,https://www.qdgsjt.com/about/,1,官网优先；需在投递或启用监控前复核入口有效性,false
dc17ee1ae589,451,青岛高新实业集团,青岛红发投资有限公司,青岛红发投资有限公司,全资二级/投资平台,高新区,P2 跟踪,P2,C 相对友好,弱卡：技能/经验优先,投资运营、工程项目、综合管理,新增补漏｜低频关注｜价值:B,https://www.qdgsjt.com/about/,1,官网优先；需在投递或启用监控前复核入口有效性,false
00b666df84cd,452,青岛高新实业集团,中以青岛国际客厅发展有限公司,中以青岛国际客厅发展有限公司,全资二级/国际合作平台,高新区,P1 优先,P1,B 中等,弱中卡：本科起，专业匹配,招商运营、国际合作、数字化/系统支持,重点跟踪｜平台公司｜价值:A,https://www.qdgsjt.com/about/,1,官网优先；需在投递或启用监控前复核入口有效性,true
8910c72a15c7,453,青岛高新实业集团,青岛高新配售电有限公司,青岛高新配售电有限公司,全资二级/配售电,高新区,P1 优先,P1,B 中等,弱中卡：本科起，专业匹配,配售电运营、能源管理、工控/安全运维,重点跟踪｜可看弱电/工控｜价值:A,https://www.qdgsjt.com/about/,1,官网优先；需在投递或启用监控前复核入口有效性,true
fcf70891f476,454,青岛高新实业集团,青岛盐业专营有限公司,青岛盐业专营有限公司,全资二级/盐业流通,高新区/青岛,P3 备查,P3,B 中等,弱中卡：本科起，专业匹配,供应链、综合管理、信息化,备查｜价值:C,https://www.qdgsjt.com/about/,1,官网优先；需在投递或启用监控前复核入口有效性,false
18a0e5c36742,455,青岛高新实业集团,青岛盐海盐业有限公司,青岛盐海盐业有限公司,全资二级/盐业,高新区/青岛,P3 备查,P3,C 相对友好,弱卡：技能/经验优先,生产经营、供应链、综合管理,备查｜价值:C,https://www.qdgsjt.com/about/,1,官网优先；需在投递或启用监控前复核入口有效性,false
86103b07dc43,456,青岛高新实业集团,青岛高新城市建设发展有限公司,青岛高新城市建设发展有限公司,全资二级/城市建设,高新区,P1 优先,P1,B 中等,弱中卡：本科起，专业匹配,城市建设、工程管理、数字城管/信息化,重点跟踪｜价值:A,https://www.qdgsjt.com/about/,1,官网优先；需在投递或启用监控前复核入口有效性,true
fdbc855a7d51,457,青岛高新实业集团,青岛高新城维实业有限公司,青岛高新城维实业有限公司,控股二级/城市维护,高新区,P1 优先,P1,B 中等,弱中卡：本科起，专业匹配,城维运维、数字化、弱电/安防、综合管理,重点跟踪｜价值:A,https://www.qdgsjt.com/about/,1,官网优先；需在投递或启用监控前复核入口有效性,true
3181674e7a27,458,青岛高新实业集团,青岛高新区环湾商砼有限公司,青岛高新区环湾商砼有限公司,控股二级/建材,高新区,P3 备查,P3,B 中等,弱中卡：本科起，专业匹配,生产运营、设备管理、安全生产,备查｜价值:C,https://www.qdgsjt.com/about/,1,官网优先；需在投递或启用监控前复核入口有效性,false
51aa8ebaca5f,459,青岛高新实业集团,青岛高新海润水务有限公司,青岛高新海润水务有限公司,合资二级/水务,高新区,P1 优先,P1,B 中等,弱中卡：本科起，专业匹配,水务运营、自动化、信息化、工控安全,重点跟踪｜价值:A,https://www.qdgsjt.com/about/,1,官网优先；需在投递或启用监控前复核入口有效性,true
c7d8463c9be7,460,青岛高新实业集团,青岛高实生态保护有限公司,青岛高实生态保护有限公司,三级/生态环保,高新区,P2 跟踪,P2,B 中等,弱中卡：本科起，专业匹配,环保运营、数字化、综合管理,新增补漏｜价值:B,https://www.qdgsjt.com/about/,1,官网优先；需在投递或启用监控前复核入口有效性,false
6836339520be,461,青岛高新实业集团,青岛海玉建设工程有限公司,青岛海玉建设工程有限公司,三级/建设工程,高新区,P3 备查,P3,C 相对友好,弱卡：技能/经验优先,工程管理、项目管理,备查｜价值:C,https://www.qdgsjt.com/about/,1,官网优先；需在投递或启用监控前复核入口有效性,false
211d89308942,462,青岛高新实业集团,青岛高实泰能加油加气有限公司,青岛高实泰能加油加气有限公司,三级/能源站点,高新区,P3 备查,P3,B 中等,弱中卡：本科起，专业匹配,能源站运营、安全生产,备查｜价值:C,https://www.qdgsjt.com/about/,1,官网优先；需在投递或启用监控前复核入口有效性,false
625e0b2103f9,463,青岛高新实业集团,青岛红岛红酒业公司,青岛红岛红酒业公司,三级/消费品,高新区/红岛,P4 低优先,P4,C 相对友好,弱卡：技能/经验优先,经营管理、销售,备查｜价值:D,https://www.qdgsjt.com/about/,1,官网优先；需在投递或启用监控前复核入口有效性,false
38faa23c5c9c,464,青岛高新实业集团,青岛高实中版投资有限公司,青岛高实中版投资有限公司,三级/投资平台,高新区,P2 跟踪,P2,C 相对友好,弱卡：技能/经验优先,投资运营、财务、风控,新增补漏｜价值:B,https://www.qdgsjt.com/about/,1,官网优先；需在投递或启用监控前复核入口有效性,false
fb5fcb3dc887,465,青岛高新实业集团,青岛宾至嘉宁高实物业管理有限公司,青岛宾至嘉宁高实物业管理有限公司,三级/物业,高新区,P3 备查,P3,B 中等,弱中卡：本科起，专业匹配,物业管理、弱电/安防,备查｜价值:C,https://www.qdgsjt.com/about/,1,官网优先；需在投递或启用监控前复核入口有效性,false
25550d6c0214,466,青岛高新实业集团,青岛高实物业服务有限公司,青岛高实物业服务有限公司,三级/物业服务,高新区,P3 备查,P3,B 中等,弱中卡：本科起，专业匹配,物业管理、弱电/安防,备查｜价值:C,https://www.qdgsjt.com/about/,1,官网优先；需在投递或启用监控前复核入口有效性,false
db48c38380ae,467,青岛高新实业集团,青岛高实建设工程有限公司,青岛高实建设工程有限公司,三级/建设工程,高新区,P3 备查,P3,C 相对友好,弱卡：技能/经验优先,工程管理、项目管理,备查｜价值:C,https://www.qdgsjt.com/about/,1,官网优先；需在投递或启用监控前复核入口有效性,false
abdf5173d3ac,468,青岛高新实业集团,青岛高新置业有限公司,青岛高新置业有限公司,三级/置业,高新区,P3 备查,P3,C 相对友好,弱卡：技能/经验优先,工程/综合管理,备查｜价值:C,https://www.qdgsjt.com/about/,1,官网优先；需在投递或启用监控前复核入口有效性,false
0e7f280bce30,469,青岛高新实业集团,青岛高新高科清洁能源有限公司,青岛高新高科清洁能源有限公司,三级/清洁能源,高新区,P1 优先,P1,B 中等,弱中卡：本科起，专业匹配,新能源、能源数字化、工控/安全运维,重点跟踪｜价值:A,https://www.qdgsjt.com/about/,1,官网优先；需在投递或启用监控前复核入口有效性,true
3100faf1bc28,470,青岛高新实业集团,青岛汇能建科城市建设工程有限公司,青岛汇能建科城市建设工程有限公司,三级/城建工程,高新区,P3 备查,P3,C 相对友好,弱卡：技能/经验优先,城市建设、工程管理,备查｜价值:C,https://www.qdgsjt.com/about/,1,官网优先；需在投递或启用监控前复核入口有效性,false
9c1121307072,471,青岛高新实业集团,青岛高实杰邵会展有限公司,青岛高实杰邵会展有限公司,三级/会展运营,高新区,P3 备查,P3,B 中等,弱中卡：本科起，专业匹配,会展运营、综合管理、数字化支持,备查｜价值:C,https://www.qdgsjt.com/about/,1,官网优先；需在投递或启用监控前复核入口有效性,false
7acfc5f90205,472,青岛高新实业集团,青岛高实燧石体育文化有限公司,青岛高实燧石体育文化有限公司,三级/文体运营,高新区,P3 备查,P3,C 相对友好,弱卡：技能/经验优先,文体运营、综合管理,备查｜价值:C,https://www.qdgsjt.com/about/,1,官网优先；需在投递或启用监控前复核入口有效性,false
9e42efc0608b,473,青岛高新实业集团,青岛高新水务工程有限公司,青岛高新水务工程有限公司,三级/水务工程,高新区,P2 跟踪,P2,B 中等,弱中卡：本科起，专业匹配,水务工程、自动化/信息化,新增补漏｜价值:B,https://www.qdgsjt.com/about/,1,官网优先；需在投递或启用监控前复核入口有效性,false
55eef1f3ebc1,474,青岛高新实业集团,青岛高新供应链科技有限公司,青岛高新供应链科技有限公司,三级/供应链科技,高新区,P1 优先,P1,B 中等,弱中卡：本科起，专业匹配,供应链管理、系统运营、数据分析,重点跟踪｜价值:A,https://www.qdgsjt.com/about/,1,官网优先；需在投递或启用监控前复核入口有效性,true
52afc7ef6d27,475,青岛高新实业集团,上海酷民数字科技有限公司,上海酷民数字科技有限公司,三级/外地数字科技,上海/青岛体系,P2 跟踪,P2,B 中等,弱中卡：本科起，专业匹配,软件、数字化、平台运营,异地子公司｜待核招聘｜价值:B,https://www.qdgsjt.com/about/,1,官网优先；需在投递或启用监控前复核入口有效性,false
ac7555b5e5d3,476,青岛高新实业集团,康湾健康产业有限公司,康湾健康产业有限公司,三级/健康产业,青岛/待核,P2 跟踪,P2,B 中等,弱中卡：本科起，专业匹配,产业运营、数据/信息化、综合管理,新增补漏｜价值:B,https://www.qdgsjt.com/about/,1,官网优先；需在投递或启用监控前复核入口有效性,false
34ad8d38b93b,477,青岛高新实业集团,康湾(山东)健康产业有限公司,康湾山东健康产业有限公司,三级/健康产业,山东/青岛相关,P2 跟踪,P2,B 中等,弱中卡：本科起，专业匹配,产业运营、信息化支持,新增补漏｜价值:B,https://www.qdgsjt.com/about/,1,官网优先；需在投递或启用监控前复核入口有效性,false
5aaba1bbb6cc,478,青岛高新实业集团,深圳博余汽车服务有限公司,深圳博余汽车服务有限公司,三级/外地汽车服务,深圳/青岛体系,P3 备查,P3,C 相对友好,弱卡：技能/经验优先,汽车服务、运营管理,异地子公司｜求职价值一般｜价值:C,https://www.qdgsjt.com/about/,1,官网优先；需在投递或启用监控前复核入口有效性,false
3df84dc65859,479,青岛高新实业集团,青岛高实园区运营管理有限公司,青岛高实园区运营管理有限公司,三级/园区运营,高新区,P1 优先,P1,B 中等,弱中卡：本科起，专业匹配,园区运维、弱电、信息化、安防,重点跟踪｜价值:A,https://www.qdgsjt.com/about/,1,官网优先；需在投递或启用监控前复核入口有效性,true
a3e237f9c0fc,480,青岛高新实业集团,青岛中鼎无忧贸易有限公司,青岛中鼎无忧贸易有限公司,三级/贸易,青岛,P3 备查,P3,C 相对友好,弱卡：技能/经验优先,贸易运营、综合管理,备查｜价值:C,https://www.qdgsjt.com/about/,1,官网优先；需在投递或启用监控前复核入口有效性,false
d6e5d8798a13,481,青岛高新实业集团,青岛高新智能科技有限公司,青岛高新智能科技有限公司,三级/智能科技,高新区,P0 必看,P0,B 中等,弱中卡：本科起，专业匹配,智能化、数字化、软件/弱电/网络安全,优先投递｜重点看｜价值:S,https://www.qdgsjt.com/about/,1,官网优先；需在投递或启用监控前复核入口有效性,true
cb68c3a01bed,482,青岛高新实业集团,青岛高实新韵置业有限公司,青岛高实新韵置业有限公司,三级/置业,高新区,P3 备查,P3,C 相对友好,弱卡：技能/经验优先,工程管理、综合管理,备查｜价值:C,https://www.qdgsjt.com/about/,1,官网优先；需在投递或启用监控前复核入口有效性,false
109668c30877,483,胶州/上合示范区平台,青岛上合临空控股发展集团有限公司,青岛上合临空控股发展集团有限公司,胶州市属/临空平台,胶州/上合新区,P1 优先,P1,B 中等,弱中卡：本科起，专业匹配,临空产业、园区运营、信息化、综合管理,新增补漏｜看胶州人才网/国企公告｜价值:A,https://www.bianzhia.com/zt/gqqingdao/index_2.html,1,官网优先；需在投递或启用监控前复核入口有效性,true
86dc9ada1e8b,484,胶州/上合示范区平台,青岛上合产投控股集团有限公司,青岛上合产投控股集团有限公司,胶州市属/产业投资,胶州/上合新区,P1 优先,P1,B 中等,强卡：硕士/双一流倾向,产业投资、招商、数据分析、综合管理,新增补漏｜重点跟踪｜价值:A,https://www.bianzhia.com/zt/gqqingdao/index_2.html,1,官网优先；需在投递或启用监控前复核入口有效性,true
cecc4955e9f0,485,胶州/上合示范区平台,青岛上合城乡融合发展集团有限公司,青岛上合城乡融合发展集团有限公司,胶州市属/城乡融合,胶州,P2 跟踪,P2,B 中等,弱中卡：本科起，专业匹配,城乡建设、项目管理、信息化,新增补漏｜价值:B,https://www.bianzhia.com/zt/gqqingdao/index_2.html,1,官网优先；需在投递或启用监控前复核入口有效性,false
8a0315a51bec,486,胶州/上合示范区平台,青岛上合城市更新集团有限公司,青岛上合城市更新集团有限公司,胶州市属/城市更新,胶州,P2 跟踪,P2,B 中等,弱中卡：本科起，专业匹配,城市更新、工程管理、智慧城市/信息化,新增补漏｜价值:B,https://www.bianzhia.com/zt/gqqingdao/index_2.html,1,官网优先；需在投递或启用监控前复核入口有效性,false
4118eb5e9590,487,胶州/上合示范区平台,青岛上合国际贸易有限公司,青岛上合国际贸易有限公司,胶州市属/国际贸易,胶州/上合新区,P2 跟踪,P2,B 中等,弱中卡：本科起，专业匹配,国际贸易、供应链、数字化运营,新增补漏｜价值:B,https://www.bianzhia.com/zt/gqqingdao/index_2.html,1,官网优先；需在投递或启用监控前复核入口有效性,false
628a94dcf9ca,488,胶州/上合示范区平台,青岛上合文旅产业有限公司,青岛上合文旅产业有限公司,胶州市属/文旅平台,胶州/上合新区,P3 备查,P3,B 中等,弱中卡：本科起，专业匹配,文旅运营、数字化营销、综合管理,备查｜价值:C,https://www.bianzhia.com/zt/gqqingdao/index_2.html,1,官网优先；需在投递或启用监控前复核入口有效性,false
9085277685e3,489,胶州/上合示范区平台,青岛胶州人才集团,青岛胶州人才集团,胶州市属/人才服务平台,胶州,P1 优先,P1,B 中等,弱中卡：本科起，专业匹配,人力资源、人才服务、信息化、数据运营,重点跟踪｜也可作为招聘信息入口｜价值:A,https://www.bianzhia.com/zt/gqqingdao/index_2.html,1,官网优先；需在投递或启用监控前复核入口有效性,true
e6bd6b701ca4,490,中智集团,中智青岛经济技术合作有限公司,中智青岛经济技术合作有限公司,央企人服区域公司,青岛/山东,P1 优先,P1,B 中等,弱中卡：本科起，专业匹配,人力资源服务、外包、信息化、项目运营,新增补漏｜驻青央企子公司｜价值:A,https://hrss.qingdao.gov.cn/ztzl_47/jycy_zc/ggjyfwzxn_47/202605/t20260529_10751273.shtml,1,官网优先；需在投递或启用监控前复核入口有效性,true
cbcbab34b933,491,北京外企人力资源服务集团/FESCO,北京外企人力资源服务青岛有限公司,北京外企人力资源服务青岛有限公司,北京国企驻青子公司,青岛,P1 优先,P1,B 中等,弱中卡：本科起，专业匹配,人力资源服务、外包项目、信息化、综合管理,新增补漏｜招聘公告已见｜价值:A,https://www.bianzhia.com/zt/gqqingdao/index_2.html,1,官网优先；需在投递或启用监控前复核入口有效性,true
9a5550f00aab,492,上汽集团/上汽通用五菱,上汽通用五菱汽车股份有限公司青岛分公司,上汽通用五菱汽车股份有限公司青岛分公司,央地合资/汽车制造青岛基地,西海岸/青岛,P1 优先,P1,B 中等,弱中卡：本科起，专业匹配,IT运维、制造信息化、网络/工控安全、数据分析,新增补漏｜看上汽/五菱校招｜价值:A,https://saic-recruit.saicmotor.com/,1,官网优先；需在投递或启用监控前复核入口有效性,true
b52179f455ae,493,中国建筑集团,中建八局第四建设有限公司,中建八局第四建设有限公司,央企二级/总部在青岛,崂山区/青岛,P1 优先,P1,A 较难,中卡：本科起，硕士加分,信息化、数字建造、网络运维、项目管理,新增补漏｜央企校招｜价值:A,"https://job.cscec8b.com.cn/84
https://m.fenbi.com/page/fenxiaozhaokaodetail/4/0/464695351068672",2,官网优先；需在投递或启用监控前复核入口有效性,true
a440d8c17001,494,山东高速集团,山东信莱物业管理有限公司,山东信莱物业管理有限公司,省属国企关联/物业管理线索,青岛/待核,P3 备查,P3,A 较难,中卡：本科起，硕士加分,物业运维、弱电/安防、综合管理,待核验｜不要高估技术岗｜价值:C,https://www.bianzhia.com/zt/gqqingdao/index_2.html,1,官网优先；需在投递或启用监控前复核入口有效性,false
3793b7e16a88,495,山东高速集团,山东高速青岛投资有限公司,山东高速青岛投资有限公司,省属国企驻青投资公司,崂山区,P1 优先,P1,A 较难,强卡：硕士/双一流倾向,投资管理、风控、数据分析、综合管理,新增补漏｜看山东高速招聘系统｜价值:A,"https://www.sdhsg.com/article/621
https://fenbi.com/page/fenxiaozhaokaodetail/4/0/463451100826624",2,官网优先；需在投递或启用监控前复核入口有效性,true
f26701aff977,496,山东高速集团,青岛佳维万通经济发展有限公司,青岛佳维万通经济发展有限公司,省属国企驻青子公司,崂山区,P2 跟踪,P2,A 较难,中卡：本科起，硕士加分,产业运营、项目管理、信息化支持,新增补漏｜待核岗位｜价值:B,"https://www.sdhsg.com/article/621
https://fenbi.com/page/fenxiaozhaokaodetail/4/0/463451100826624",2,官网优先；需在投递或启用监控前复核入口有效性,false
547c26a0b14d,497,中国移动,中国移动山东有限公司青岛高新分公司,中国移动山东有限公司青岛高新分公司,央企通信运营商区县分支,高新区/青岛,P0 必看,P0,A 较难,中卡：本科起，硕士加分,网络安全、云网运维、信息化、政企解决方案,优先投递｜通信央企分支｜价值:S,https://www.bianzhia.com/zt/gqqingdao/index_3.html,1,官网优先；需在投递或启用监控前复核入口有效性,true
93032bda45d8,498,山东省农业发展集团,山东省农业集团有限公司青岛岗位线索,山东省农业集团有限公司青岛岗位线索,省属国企岗位线索,青岛/山东,P2 跟踪,P2,C 相对友好,弱卡：技能/经验优先,农业数字化、供应链、数据/综合管理,仅岗位线索｜看是否有青岛实体/岗位｜价值:B,https://www.bianzhia.com/zt/gqqingdao/index_3.html,1,官网优先；需在投递或启用监控前复核入口有效性,false
278ec7f8fd16,499,中国中车,株洲时代新材料科技股份有限公司青岛岗位线索,株洲时代新材料科技股份有限公司青岛岗位线索,央企上市公司岗位线索,青岛/株洲体系,P1 优先,P1,A 较难,中卡：本科起，硕士加分,材料制造信息化、IT运维、工控/网络安全,岗位线索｜核青岛岗位主体｜价值:A,"https://www.crrcgc.cc/snxc
https://www.bianzhia.com/zt/gqqingdao/index_3.html",2,官网优先；需在投递或启用监控前复核入口有效性,true
6461087cbdf8,500,中国中车,青岛中车时代新能源材料科技有限公司,青岛中车时代新能源材料科技有限公司,央企子公司/新能源材料,西海岸/青岛,P1 优先,P1,A 较难,中卡：本科起，硕士加分,制造信息化、设备/自动化、IT运维、安全,新增补漏｜看中车/时代新材招聘｜价值:A,"https://www.crrcgc.cc/snxc
https://www.bianzhia.com/zt/gqqingdao/index_3.html",2,官网优先；需在投递或启用监控前复核入口有效性,true
e53cf0bfec19,501,中国电建,青岛华丰伟业电力科技工程有限公司,青岛华丰伟业电力科技工程有限公司,央企三级/电力科技工程,青岛,P1 优先,P1,B 中等,弱中卡：本科起，专业匹配,电力工程、自动化、DCS/系统运维、网络安全,新增补漏｜总部外地央企线｜价值:A,https://www.bianzhia.com/zt/gqqingdao/index_2.html,1,官网优先；需在投递或启用监控前复核入口有效性,true
